<?xml version="1.0" encoding="utf-8"?><gpx creator="Garmin Desktop App" version="1.1" xsi:schemaLocation="http://www.topografix.com/GPX/1/1 http://www.topografix.com/GPX/1/1/gpx.xsd http://www.garmin.com/xmlschemas/WaypointExtension/v1 http://www8.garmin.com/xmlschemas/WaypointExtensionv1.xsd http://www.garmin.com/xmlschemas/TrackPointExtension/v1 http://www.garmin.com/xmlschemas/TrackPointExtensionv1.xsd http://www.garmin.com/xmlschemas/GpxExtensions/v3 http://www8.garmin.com/xmlschemas/GpxExtensionsv3.xsd http://www.garmin.com/xmlschemas/ActivityExtension/v1 http://www8.garmin.com/xmlschemas/ActivityExtensionv1.xsd http://www.garmin.com/xmlschemas/AdventuresExtensions/v1 http://www8.garmin.com/xmlschemas/AdventuresExtensionv1.xsd http://www.garmin.com/xmlschemas/PressureExtension/v1 http://www.garmin.com/xmlschemas/PressureExtensionv1.xsd http://www.garmin.com/xmlschemas/TripExtensions/v1 http://www.garmin.com/xmlschemas/TripExtensionsv1.xsd http://www.garmin.com/xmlschemas/TripMetaDataExtensions/v1 http://www.garmin.com/xmlschemas/TripMetaDataExtensionsv1.xsd http://www.garmin.com/xmlschemas/ViaPointTransportationModeExtensions/v1 http://www.garmin.com/xmlschemas/ViaPointTransportationModeExtensionsv1.xsd http://www.garmin.com/xmlschemas/CreationTimeExtension/v1 http://www.garmin.com/xmlschemas/CreationTimeExtensionsv1.xsd http://www.garmin.com/xmlschemas/AccelerationExtension/v1 http://www.garmin.com/xmlschemas/AccelerationExtensionv1.xsd http://www.garmin.com/xmlschemas/PowerExtension/v1 http://www.garmin.com/xmlschemas/PowerExtensionv1.xsd http://www.garmin.com/xmlschemas/VideoExtension/v1 http://www.garmin.com/xmlschemas/VideoExtensionv1.xsd" xmlns="http://www.topografix.com/GPX/1/1" xmlns:xsi="http://www.w3.org/2001/XMLSchema-instance" xmlns:wptx1="http://www.garmin.com/xmlschemas/WaypointExtension/v1" xmlns:gpxtrx="http://www.garmin.com/xmlschemas/GpxExtensions/v3" xmlns:gpxtpx="http://www.garmin.com/xmlschemas/TrackPointExtension/v1" xmlns:gpxx="http://www.garmin.com/xmlschemas/GpxExtensions/v3" xmlns:trp="http://www.garmin.com/xmlschemas/TripExtensions/v1" xmlns:adv="http://www.garmin.com/xmlschemas/AdventuresExtensions/v1" xmlns:prs="http://www.garmin.com/xmlschemas/PressureExtension/v1" xmlns:tmd="http://www.garmin.com/xmlschemas/TripMetaDataExtensions/v1" xmlns:vptm="http://www.garmin.com/xmlschemas/ViaPointTransportationModeExtensions/v1" xmlns:ctx="http://www.garmin.com/xmlschemas/CreationTimeExtension/v1" xmlns:gpxacc="http://www.garmin.com/xmlschemas/AccelerationExtension/v1" xmlns:gpxpx="http://www.garmin.com/xmlschemas/PowerExtension/v1" xmlns:vidx1="http://www.garmin.com/xmlschemas/VideoExtension/v1">

  <metadata>
    <link href="http://www.garmin.com">
      <text>Garmin International</text>
    </link>
    <time>2020-11-08T10:51:13Z</time>
    <bounds maxlat="58.413112973794341" maxlon="-2.973621971905232" minlat="56.190283969044685" minlon="-6.241619987413287" />
  </metadata>

  <wpt lat="56.870398968458176" lon="-4.198839040473104">
    <ele>936.10000000000002</ele>
    <time>2020-11-08T10:28:09Z</time>
    <name>A'Bhuidheanach Bheag</name>
    <cmt>A'Bhuidheanach Bheag</cmt>
    <desc>A'Bhuidheanach Bheag</desc>
    <sym>Triangle, Red</sym>
    <type>user</type>
    <extensions>
      <gpxx:WaypointExtension>
        <gpxx:DisplayMode>SymbolAndName</gpxx:DisplayMode>
      </gpxx:WaypointExtension>
      <wptx1:WaypointExtension>
        <wptx1:DisplayMode>SymbolAndName</wptx1:DisplayMode>
      </wptx1:WaypointExtension>
      <ctx:CreationTimeExtension>
        <ctx:CreationTime>2020-11-08T10:28:09Z</ctx:CreationTime>
      </ctx:CreationTimeExtension>
    </extensions>
  </wpt>

  <wpt lat="57.693781983107328" lon="-5.128729976713657">
    <ele>997</ele>
    <time>2020-11-08T10:28:09Z</time>
    <name>A'Chailleach</name>
    <cmt>A'Chailleach</cmt>
    <desc>A'Chailleach</desc>
    <sym>Triangle, Red</sym>
    <type>user</type>
    <extensions>
      <gpxx:WaypointExtension>
        <gpxx:DisplayMode>SymbolAndName</gpxx:DisplayMode>
      </gpxx:WaypointExtension>
      <wptx1:WaypointExtension>
        <wptx1:DisplayMode>SymbolAndName</wptx1:DisplayMode>
      </wptx1:WaypointExtension>
      <ctx:CreationTimeExtension>
        <ctx:CreationTime>2020-11-08T10:28:09Z</ctx:CreationTime>
      </ctx:CreationTimeExtension>
    </extensions>
  </wpt>

  <wpt lat="57.109564002603292" lon="-4.179284982383251">
    <ele>929.20000000000005</ele>
    <time>2020-11-08T10:28:09Z</time>
    <name>A'Chailleach1</name>
    <cmt>A'Chailleach</cmt>
    <desc>A'Chailleach</desc>
    <sym>Triangle, Red</sym>
    <type>user</type>
    <extensions>
      <gpxx:WaypointExtension>
        <gpxx:DisplayMode>SymbolAndName</gpxx:DisplayMode>
      </gpxx:WaypointExtension>
      <wptx1:WaypointExtension>
        <wptx1:DisplayMode>SymbolAndName</wptx1:DisplayMode>
      </wptx1:WaypointExtension>
      <ctx:CreationTimeExtension>
        <ctx:CreationTime>2020-11-08T10:28:09Z</ctx:CreationTime>
      </ctx:CreationTimeExtension>
    </extensions>
  </wpt>

  <wpt lat="57.184239970520139" lon="-5.154842035844922">
    <ele>1120</ele>
    <time>2020-11-08T10:28:09Z</time>
    <name>A'Chraileag (A'Chralaig)</name>
    <cmt>A'Chraileag (A'Chralaig)</cmt>
    <desc>A'Chraileag (A'Chralaig)</desc>
    <sym>Triangle, Red</sym>
    <type>user</type>
    <extensions>
      <gpxx:WaypointExtension>
        <gpxx:DisplayMode>SymbolAndName</gpxx:DisplayMode>
      </gpxx:WaypointExtension>
      <wptx1:WaypointExtension>
        <wptx1:DisplayMode>SymbolAndName</wptx1:DisplayMode>
      </wptx1:WaypointExtension>
      <ctx:CreationTimeExtension>
        <ctx:CreationTime>2020-11-08T10:28:09Z</ctx:CreationTime>
      </ctx:CreationTimeExtension>
    </extensions>
  </wpt>

  <wpt lat="57.255080966278911" lon="-5.303670018911362">
    <ele>918</ele>
    <time>2020-11-08T10:28:09Z</time>
    <name>A'Ghlas-bheinn</name>
    <cmt>A'Ghlas-bheinn</cmt>
    <desc>A'Ghlas-bheinn</desc>
    <sym>Triangle, Red</sym>
    <type>user</type>
    <extensions>
      <gpxx:WaypointExtension>
        <gpxx:DisplayMode>SymbolAndName</gpxx:DisplayMode>
      </gpxx:WaypointExtension>
      <wptx1:WaypointExtension>
        <wptx1:DisplayMode>SymbolAndName</wptx1:DisplayMode>
      </wptx1:WaypointExtension>
      <ctx:CreationTimeExtension>
        <ctx:CreationTime>2020-11-08T10:28:09Z</ctx:CreationTime>
      </ctx:CreationTimeExtension>
    </extensions>
  </wpt>

  <wpt lat="57.719678962603211" lon="-5.346757024526596">
    <ele>967</ele>
    <time>2020-11-08T10:28:09Z</time>
    <name>A'Mhaighdean</name>
    <cmt>A'Mhaighdean</cmt>
    <desc>A'Mhaighdean</desc>
    <sym>Triangle, Red</sym>
    <type>user</type>
    <extensions>
      <gpxx:WaypointExtension>
        <gpxx:DisplayMode>SymbolAndName</gpxx:DisplayMode>
      </gpxx:WaypointExtension>
      <wptx1:WaypointExtension>
        <wptx1:DisplayMode>SymbolAndName</wptx1:DisplayMode>
      </wptx1:WaypointExtension>
      <ctx:CreationTimeExtension>
        <ctx:CreationTime>2020-11-08T10:28:09Z</ctx:CreationTime>
      </ctx:CreationTimeExtension>
    </extensions>
  </wpt>

  <wpt lat="56.856993036344647" lon="-4.290667986497283">
    <ele>975</ele>
    <time>2020-11-08T10:28:09Z</time>
    <name>A'Mharconaich</name>
    <cmt>A'Mharconaich</cmt>
    <desc>A'Mharconaich</desc>
    <sym>Triangle, Red</sym>
    <type>user</type>
    <extensions>
      <gpxx:WaypointExtension>
        <gpxx:DisplayMode>SymbolAndName</gpxx:DisplayMode>
      </gpxx:WaypointExtension>
      <wptx1:WaypointExtension>
        <wptx1:DisplayMode>SymbolAndName</wptx1:DisplayMode>
      </wptx1:WaypointExtension>
      <ctx:CreationTimeExtension>
        <ctx:CreationTime>2020-11-08T10:28:09Z</ctx:CreationTime>
      </ctx:CreationTimeExtension>
    </extensions>
  </wpt>

  <wpt lat="57.247931035235524" lon="-6.202982012182474">
    <ele>934</ele>
    <time>2020-11-08T10:28:09Z</time>
    <name>Am Basteir</name>
    <cmt>Am Basteir</cmt>
    <desc>Am Basteir</desc>
    <sym>Triangle, Red</sym>
    <type>user</type>
    <extensions>
      <gpxx:WaypointExtension>
        <gpxx:DisplayMode>SymbolAndName</gpxx:DisplayMode>
      </gpxx:WaypointExtension>
      <wptx1:WaypointExtension>
        <wptx1:DisplayMode>SymbolAndName</wptx1:DisplayMode>
      </wptx1:WaypointExtension>
      <ctx:CreationTimeExtension>
        <ctx:CreationTime>2020-11-08T10:28:09Z</ctx:CreationTime>
      </ctx:CreationTimeExtension>
    </extensions>
  </wpt>

  <wpt lat="56.741727031767368" lon="-4.983392972499132">
    <ele>1031.8</ele>
    <time>2020-11-08T10:28:09Z</time>
    <name>Am Bodach</name>
    <cmt>Am Bodach</cmt>
    <desc>Am Bodach</desc>
    <sym>Triangle, Red</sym>
    <type>user</type>
    <extensions>
      <gpxx:WaypointExtension>
        <gpxx:DisplayMode>SymbolAndName</gpxx:DisplayMode>
      </gpxx:WaypointExtension>
      <wptx1:WaypointExtension>
        <wptx1:DisplayMode>SymbolAndName</wptx1:DisplayMode>
      </wptx1:WaypointExtension>
      <ctx:CreationTimeExtension>
        <ctx:CreationTime>2020-11-08T10:28:09Z</ctx:CreationTime>
      </ctx:CreationTimeExtension>
    </extensions>
  </wpt>

  <wpt lat="57.771800989285111" lon="-4.853899022564292">
    <ele>953</ele>
    <time>2020-11-08T10:28:09Z</time>
    <name>Am Faochagach</name>
    <cmt>Am Faochagach</cmt>
    <desc>Am Faochagach</desc>
    <sym>Triangle, Red</sym>
    <type>user</type>
    <extensions>
      <gpxx:WaypointExtension>
        <gpxx:DisplayMode>SymbolAndName</gpxx:DisplayMode>
      </gpxx:WaypointExtension>
      <wptx1:WaypointExtension>
        <wptx1:DisplayMode>SymbolAndName</wptx1:DisplayMode>
      </wptx1:WaypointExtension>
      <ctx:CreationTimeExtension>
        <ctx:CreationTime>2020-11-08T10:28:09Z</ctx:CreationTime>
      </ctx:CreationTimeExtension>
    </extensions>
  </wpt>

  <wpt lat="56.338599985465407" lon="-4.624367980286479">
    <ele>995.79999999999995</ele>
    <time>2020-11-08T10:28:09Z</time>
    <name>An Caisteal</name>
    <cmt>An Caisteal</cmt>
    <desc>An Caisteal</desc>
    <sym>Triangle, Red</sym>
    <type>user</type>
    <extensions>
      <gpxx:WaypointExtension>
        <gpxx:DisplayMode>SymbolAndName</gpxx:DisplayMode>
      </gpxx:WaypointExtension>
      <wptx1:WaypointExtension>
        <wptx1:DisplayMode>SymbolAndName</wptx1:DisplayMode>
      </wptx1:WaypointExtension>
      <ctx:CreationTimeExtension>
        <ctx:CreationTime>2020-11-08T10:28:09Z</ctx:CreationTime>
      </ctx:CreationTimeExtension>
    </extensions>
  </wpt>

  <wpt lat="57.667624996975064" lon="-4.949497980996966">
    <ele>923.89999999999998</ele>
    <time>2020-11-08T10:28:09Z</time>
    <name>An Coileachan</name>
    <cmt>An Coileachan</cmt>
    <desc>An Coileachan</desc>
    <sym>Triangle, Red</sym>
    <type>user</type>
    <extensions>
      <gpxx:WaypointExtension>
        <gpxx:DisplayMode>SymbolAndName</gpxx:DisplayMode>
      </gpxx:WaypointExtension>
      <wptx1:WaypointExtension>
        <wptx1:DisplayMode>SymbolAndName</wptx1:DisplayMode>
      </wptx1:WaypointExtension>
      <ctx:CreationTimeExtension>
        <ctx:CreationTime>2020-11-08T10:28:09Z</ctx:CreationTime>
      </ctx:CreationTimeExtension>
    </extensions>
  </wpt>

  <wpt lat="56.759143033996224" lon="-4.966203030198813">
    <ele>981.39999999999998</ele>
    <time>2020-11-08T10:28:09Z</time>
    <name>An Gearanach</name>
    <cmt>An Gearanach</cmt>
    <desc>An Gearanach</desc>
    <sym>Triangle, Red</sym>
    <type>user</type>
    <extensions>
      <gpxx:WaypointExtension>
        <gpxx:DisplayMode>SymbolAndName</gpxx:DisplayMode>
      </gpxx:WaypointExtension>
      <wptx1:WaypointExtension>
        <wptx1:DisplayMode>SymbolAndName</wptx1:DisplayMode>
      </wptx1:WaypointExtension>
      <ctx:CreationTimeExtension>
        <ctx:CreationTime>2020-11-08T10:28:09Z</ctx:CreationTime>
      </ctx:CreationTimeExtension>
    </extensions>
  </wpt>

  <wpt lat="57.362437974661589" lon="-5.104727977886796">
    <ele>1129</ele>
    <time>2020-11-08T10:28:09Z</time>
    <name>An Riabhachan</name>
    <cmt>An Riabhachan</cmt>
    <desc>An Riabhachan</desc>
    <sym>Triangle, Red</sym>
    <type>user</type>
    <extensions>
      <gpxx:WaypointExtension>
        <gpxx:DisplayMode>SymbolAndName</gpxx:DisplayMode>
      </gpxx:WaypointExtension>
      <wptx1:WaypointExtension>
        <wptx1:DisplayMode>SymbolAndName</wptx1:DisplayMode>
      </wptx1:WaypointExtension>
      <ctx:CreationTimeExtension>
        <ctx:CreationTime>2020-11-08T10:28:09Z</ctx:CreationTime>
      </ctx:CreationTimeExtension>
    </extensions>
  </wpt>

  <wpt lat="56.931928005069494" lon="-3.754366999492049">
    <ele>1006</ele>
    <time>2020-11-08T10:28:09Z</time>
    <name>An Sgarsoch</name>
    <cmt>An Sgarsoch</cmt>
    <desc>An Sgarsoch</desc>
    <sym>Triangle, Red</sym>
    <type>user</type>
    <extensions>
      <gpxx:WaypointExtension>
        <gpxx:DisplayMode>SymbolAndName</gpxx:DisplayMode>
      </gpxx:WaypointExtension>
      <wptx1:WaypointExtension>
        <wptx1:DisplayMode>SymbolAndName</wptx1:DisplayMode>
      </wptx1:WaypointExtension>
      <ctx:CreationTimeExtension>
        <ctx:CreationTime>2020-11-08T10:28:09Z</ctx:CreationTime>
      </ctx:CreationTimeExtension>
    </extensions>
  </wpt>

  <wpt lat="57.350228978320956" lon="-5.158602995797992">
    <ele>1069</ele>
    <time>2020-11-08T10:28:09Z</time>
    <name>An Socach</name>
    <cmt>An Socach</cmt>
    <desc>An Socach</desc>
    <sym>Triangle, Red</sym>
    <type>user</type>
    <extensions>
      <gpxx:WaypointExtension>
        <gpxx:DisplayMode>SymbolAndName</gpxx:DisplayMode>
      </gpxx:WaypointExtension>
      <wptx1:WaypointExtension>
        <wptx1:DisplayMode>SymbolAndName</wptx1:DisplayMode>
      </wptx1:WaypointExtension>
      <ctx:CreationTimeExtension>
        <ctx:CreationTime>2020-11-08T10:28:09Z</ctx:CreationTime>
      </ctx:CreationTimeExtension>
    </extensions>
  </wpt>

  <wpt lat="56.902294959872961" lon="-3.513147979974747">
    <ele>944</ele>
    <time>2020-11-08T10:28:09Z</time>
    <name>An Socach1</name>
    <cmt>An Socach</cmt>
    <desc>An Socach</desc>
    <sym>Triangle, Red</sym>
    <type>user</type>
    <extensions>
      <gpxx:WaypointExtension>
        <gpxx:DisplayMode>SymbolAndName</gpxx:DisplayMode>
      </gpxx:WaypointExtension>
      <wptx1:WaypointExtension>
        <wptx1:DisplayMode>SymbolAndName</wptx1:DisplayMode>
      </wptx1:WaypointExtension>
      <ctx:CreationTimeExtension>
        <ctx:CreationTime>2020-11-08T10:28:09Z</ctx:CreationTime>
      </ctx:CreationTimeExtension>
    </extensions>
  </wpt>

  <wpt lat="57.257533008232713" lon="-5.171293029561639">
    <ele>921</ele>
    <time>2020-11-08T10:28:09Z</time>
    <name>An Socach2</name>
    <cmt>An Socach</cmt>
    <desc>An Socach</desc>
    <sym>Triangle, Red</sym>
    <type>user</type>
    <extensions>
      <gpxx:WaypointExtension>
        <gpxx:DisplayMode>SymbolAndName</gpxx:DisplayMode>
      </gpxx:WaypointExtension>
      <wptx1:WaypointExtension>
        <wptx1:DisplayMode>SymbolAndName</wptx1:DisplayMode>
      </wptx1:WaypointExtension>
      <ctx:CreationTimeExtension>
        <ctx:CreationTime>2020-11-08T10:28:09Z</ctx:CreationTime>
      </ctx:CreationTimeExtension>
    </extensions>
  </wpt>

  <wpt lat="56.560093034058809" lon="-4.21625797636807">
    <ele>1117</ele>
    <time>2020-11-08T10:28:09Z</time>
    <name>An Stuc</name>
    <cmt>An Stuc</cmt>
    <desc>An Stuc</desc>
    <sym>Triangle, Red</sym>
    <type>user</type>
    <extensions>
      <gpxx:WaypointExtension>
        <gpxx:DisplayMode>SymbolAndName</gpxx:DisplayMode>
      </gpxx:WaypointExtension>
      <wptx1:WaypointExtension>
        <wptx1:DisplayMode>SymbolAndName</wptx1:DisplayMode>
      </wptx1:WaypointExtension>
      <ctx:CreationTimeExtension>
        <ctx:CreationTime>2020-11-08T10:28:09Z</ctx:CreationTime>
      </ctx:CreationTimeExtension>
    </extensions>
  </wpt>

  <wpt lat="57.807098021730781" lon="-5.251767011359334">
    <ele>1062.5</ele>
    <time>2020-11-08T10:28:09Z</time>
    <name>An Teallach-Bidein a'Ghlas Thuill</name>
    <cmt>An Teallach-Bidein a'Ghlas Thuill</cmt>
    <desc>An Teallach-Bidein a'Ghlas Thuill</desc>
    <sym>Triangle, Red</sym>
    <type>user</type>
    <extensions>
      <gpxx:WaypointExtension>
        <gpxx:DisplayMode>SymbolAndName</gpxx:DisplayMode>
      </gpxx:WaypointExtension>
      <wptx1:WaypointExtension>
        <wptx1:DisplayMode>SymbolAndName</wptx1:DisplayMode>
      </wptx1:WaypointExtension>
      <ctx:CreationTimeExtension>
        <ctx:CreationTime>2020-11-08T10:28:09Z</ctx:CreationTime>
      </ctx:CreationTimeExtension>
    </extensions>
  </wpt>

  <wpt lat="57.800726015120745" lon="-5.259442990645766">
    <ele>1058.5999999999999</ele>
    <time>2020-11-08T10:28:09Z</time>
    <name>An Teallach-Sgurr Fiona</name>
    <cmt>An Teallach-Sgurr Fiona</cmt>
    <desc>An Teallach-Sgurr Fiona</desc>
    <sym>Triangle, Red</sym>
    <type>user</type>
    <extensions>
      <gpxx:WaypointExtension>
        <gpxx:DisplayMode>SymbolAndName</gpxx:DisplayMode>
      </gpxx:WaypointExtension>
      <wptx1:WaypointExtension>
        <wptx1:DisplayMode>SymbolAndName</wptx1:DisplayMode>
      </wptx1:WaypointExtension>
      <ctx:CreationTimeExtension>
        <ctx:CreationTime>2020-11-08T10:28:09Z</ctx:CreationTime>
      </ctx:CreationTimeExtension>
    </extensions>
  </wpt>

  <wpt lat="57.12464002892375" lon="-5.221290998160839">
    <ele>1019.5</ele>
    <time>2020-11-08T10:28:09Z</time>
    <name>Aonach air Chrith</name>
    <cmt>Aonach air Chrith</cmt>
    <desc>Aonach air Chrith</desc>
    <sym>Triangle, Red</sym>
    <type>user</type>
    <extensions>
      <gpxx:WaypointExtension>
        <gpxx:DisplayMode>SymbolAndName</gpxx:DisplayMode>
      </gpxx:WaypointExtension>
      <wptx1:WaypointExtension>
        <wptx1:DisplayMode>SymbolAndName</wptx1:DisplayMode>
      </wptx1:WaypointExtension>
      <ctx:CreationTimeExtension>
        <ctx:CreationTime>2020-11-08T10:28:09Z</ctx:CreationTime>
      </ctx:CreationTimeExtension>
    </extensions>
  </wpt>

  <wpt lat="56.79999802261591" lon="-4.954121019691229">
    <ele>1234</ele>
    <time>2020-11-08T10:28:09Z</time>
    <name>Aonach Beag</name>
    <cmt>Aonach Beag</cmt>
    <desc>Aonach Beag</desc>
    <sym>Triangle, Red</sym>
    <type>user</type>
    <extensions>
      <gpxx:WaypointExtension>
        <gpxx:DisplayMode>SymbolAndName</gpxx:DisplayMode>
      </gpxx:WaypointExtension>
      <wptx1:WaypointExtension>
        <wptx1:DisplayMode>SymbolAndName</wptx1:DisplayMode>
      </wptx1:WaypointExtension>
      <ctx:CreationTimeExtension>
        <ctx:CreationTime>2020-11-08T10:28:09Z</ctx:CreationTime>
      </ctx:CreationTimeExtension>
    </extensions>
  </wpt>

  <wpt lat="56.83349596336484" lon="-4.529180992394686">
    <ele>1115.7</ele>
    <time>2020-11-08T10:28:09Z</time>
    <name>Aonach Beag1</name>
    <cmt>Aonach Beag</cmt>
    <desc>Aonach Beag</desc>
    <sym>Triangle, Red</sym>
    <type>user</type>
    <extensions>
      <gpxx:WaypointExtension>
        <gpxx:DisplayMode>SymbolAndName</gpxx:DisplayMode>
      </gpxx:WaypointExtension>
      <wptx1:WaypointExtension>
        <wptx1:DisplayMode>SymbolAndName</wptx1:DisplayMode>
      </wptx1:WaypointExtension>
      <ctx:CreationTimeExtension>
        <ctx:CreationTime>2020-11-08T10:28:09Z</ctx:CreationTime>
      </ctx:CreationTimeExtension>
    </extensions>
  </wpt>

  <wpt lat="56.680720020085573" lon="-5.003270991146565">
    <ele>952.20000000000005</ele>
    <time>2020-11-08T10:28:09Z</time>
    <name>Aonach Eagach-Meall Dearg</name>
    <cmt>Aonach Eagach-Meall Dearg</cmt>
    <desc>Aonach Eagach-Meall Dearg</desc>
    <sym>Triangle, Red</sym>
    <type>user</type>
    <extensions>
      <gpxx:WaypointExtension>
        <gpxx:DisplayMode>SymbolAndName</gpxx:DisplayMode>
      </gpxx:WaypointExtension>
      <wptx1:WaypointExtension>
        <wptx1:DisplayMode>SymbolAndName</wptx1:DisplayMode>
      </wptx1:WaypointExtension>
      <ctx:CreationTimeExtension>
        <ctx:CreationTime>2020-11-08T10:28:09Z</ctx:CreationTime>
      </ctx:CreationTimeExtension>
    </extensions>
  </wpt>

  <wpt lat="56.679386962205172" lon="-5.03714301623404">
    <ele>967</ele>
    <time>2020-11-08T10:28:09Z</time>
    <name>Aonach Eagach-Sgorr nam Fiannaidh</name>
    <cmt>Aonach Eagach-Sgorr nam Fiannaidh</cmt>
    <desc>Aonach Eagach-Sgorr nam Fiannaidh</desc>
    <sym>Triangle, Red</sym>
    <type>user</type>
    <extensions>
      <gpxx:WaypointExtension>
        <gpxx:DisplayMode>SymbolAndName</gpxx:DisplayMode>
      </gpxx:WaypointExtension>
      <wptx1:WaypointExtension>
        <wptx1:DisplayMode>SymbolAndName</wptx1:DisplayMode>
      </wptx1:WaypointExtension>
      <ctx:CreationTimeExtension>
        <ctx:CreationTime>2020-11-08T10:28:09Z</ctx:CreationTime>
      </ctx:CreationTimeExtension>
    </extensions>
  </wpt>

  <wpt lat="57.173091033473611" lon="-5.229121958836913">
    <ele>1001</ele>
    <time>2020-11-08T10:28:09Z</time>
    <name>Aonach Meadhoin</name>
    <cmt>Aonach Meadhoin</cmt>
    <desc>Aonach Meadhoin</desc>
    <sym>Triangle, Red</sym>
    <type>user</type>
    <extensions>
      <gpxx:WaypointExtension>
        <gpxx:DisplayMode>SymbolAndName</gpxx:DisplayMode>
      </gpxx:WaypointExtension>
      <wptx1:WaypointExtension>
        <wptx1:DisplayMode>SymbolAndName</wptx1:DisplayMode>
      </wptx1:WaypointExtension>
      <ctx:CreationTimeExtension>
        <ctx:CreationTime>2020-11-08T10:28:09Z</ctx:CreationTime>
      </ctx:CreationTimeExtension>
    </extensions>
  </wpt>

  <wpt lat="56.812931969761848" lon="-4.961744025349617">
    <ele>1221</ele>
    <time>2020-11-08T10:28:09Z</time>
    <name>Aonach Mor</name>
    <cmt>Aonach Mor</cmt>
    <desc>Aonach Mor</desc>
    <sym>Triangle, Red</sym>
    <type>user</type>
    <extensions>
      <gpxx:WaypointExtension>
        <gpxx:DisplayMode>SymbolAndName</gpxx:DisplayMode>
      </gpxx:WaypointExtension>
      <wptx1:WaypointExtension>
        <wptx1:DisplayMode>SymbolAndName</wptx1:DisplayMode>
      </wptx1:WaypointExtension>
      <ctx:CreationTimeExtension>
        <ctx:CreationTime>2020-11-08T10:28:09Z</ctx:CreationTime>
      </ctx:CreationTimeExtension>
    </extensions>
  </wpt>

  <wpt lat="56.653920980170369" lon="-5.17151003703475">
    <ele>1024</ele>
    <time>2020-11-08T10:28:09Z</time>
    <name>Beinn a'Bheithir-Sgorr Dhearg</name>
    <cmt>Beinn a'Bheithir-Sgorr Dhearg</cmt>
    <desc>Beinn a'Bheithir-Sgorr Dhearg</desc>
    <sym>Triangle, Red</sym>
    <type>user</type>
    <extensions>
      <gpxx:WaypointExtension>
        <gpxx:DisplayMode>SymbolAndName</gpxx:DisplayMode>
      </gpxx:WaypointExtension>
      <wptx1:WaypointExtension>
        <wptx1:DisplayMode>SymbolAndName</wptx1:DisplayMode>
      </wptx1:WaypointExtension>
      <ctx:CreationTimeExtension>
        <ctx:CreationTime>2020-11-08T10:28:09Z</ctx:CreationTime>
      </ctx:CreationTimeExtension>
    </extensions>
  </wpt>

  <wpt lat="56.650498984381557" lon="-5.197756960988045">
    <ele>1001</ele>
    <time>2020-11-08T10:28:09Z</time>
    <name>Beinn a'Bheithir-Sgorr Dhonuill</name>
    <cmt>Beinn a'Bheithir-Sgorr Dhonuill</cmt>
    <desc>Beinn a'Bheithir-Sgorr Dhonuill</desc>
    <sym>Triangle, Red</sym>
    <type>user</type>
    <extensions>
      <gpxx:WaypointExtension>
        <gpxx:DisplayMode>SymbolAndName</gpxx:DisplayMode>
      </gpxx:WaypointExtension>
      <wptx1:WaypointExtension>
        <wptx1:DisplayMode>SymbolAndName</wptx1:DisplayMode>
      </wptx1:WaypointExtension>
      <ctx:CreationTimeExtension>
        <ctx:CreationTime>2020-11-08T10:28:09Z</ctx:CreationTime>
      </ctx:CreationTimeExtension>
    </extensions>
  </wpt>

  <wpt lat="57.087590005248785" lon="-3.499366035684943">
    <ele>1197</ele>
    <time>2020-11-08T10:28:09Z</time>
    <name>Beinn a'Bhuird (Beinn a'Bhuird North Top)</name>
    <cmt>Beinn a'Bhuird (Beinn a'Bhuird North Top)</cmt>
    <desc>Beinn a'Bhuird (Beinn a'Bhuird North Top)</desc>
    <sym>Triangle, Red</sym>
    <type>user</type>
    <extensions>
      <gpxx:WaypointExtension>
        <gpxx:DisplayMode>SymbolAndName</gpxx:DisplayMode>
      </gpxx:WaypointExtension>
      <wptx1:WaypointExtension>
        <wptx1:DisplayMode>SymbolAndName</wptx1:DisplayMode>
      </wptx1:WaypointExtension>
      <ctx:CreationTimeExtension>
        <ctx:CreationTime>2020-11-08T10:28:09Z</ctx:CreationTime>
      </ctx:CreationTimeExtension>
    </extensions>
  </wpt>

  <wpt lat="57.093325993046165" lon="-3.577436003834009">
    <ele>1083</ele>
    <time>2020-11-08T10:28:09Z</time>
    <name>Beinn a'Chaorainn</name>
    <cmt>Beinn a'Chaorainn</cmt>
    <desc>Beinn a'Chaorainn</desc>
    <sym>Triangle, Red</sym>
    <type>user</type>
    <extensions>
      <gpxx:WaypointExtension>
        <gpxx:DisplayMode>SymbolAndName</gpxx:DisplayMode>
      </gpxx:WaypointExtension>
      <wptx1:WaypointExtension>
        <wptx1:DisplayMode>SymbolAndName</wptx1:DisplayMode>
      </wptx1:WaypointExtension>
      <ctx:CreationTimeExtension>
        <ctx:CreationTime>2020-11-08T10:28:09Z</ctx:CreationTime>
      </ctx:CreationTimeExtension>
    </extensions>
  </wpt>

  <wpt lat="56.928642969578505" lon="-4.653628030791879">
    <ele>1052</ele>
    <time>2020-11-08T10:28:09Z</time>
    <name>Beinn a'Chaorainn1</name>
    <cmt>Beinn a'Chaorainn</cmt>
    <desc>Beinn a'Chaorainn</desc>
    <sym>Triangle, Red</sym>
    <type>user</type>
    <extensions>
      <gpxx:WaypointExtension>
        <gpxx:DisplayMode>SymbolAndName</gpxx:DisplayMode>
      </gpxx:WaypointExtension>
      <wptx1:WaypointExtension>
        <wptx1:DisplayMode>SymbolAndName</wptx1:DisplayMode>
      </wptx1:WaypointExtension>
      <ctx:CreationTimeExtension>
        <ctx:CreationTime>2020-11-08T10:28:09Z</ctx:CreationTime>
      </ctx:CreationTimeExtension>
    </extensions>
  </wpt>

  <wpt lat="56.869524987414479" lon="-4.509684015065432">
    <ele>1087</ele>
    <time>2020-11-08T10:28:09Z</time>
    <name>Beinn a'Chlachair</name>
    <cmt>Beinn a'Chlachair</cmt>
    <desc>Beinn a'Chlachair</desc>
    <sym>Triangle, Red</sym>
    <type>user</type>
    <extensions>
      <gpxx:WaypointExtension>
        <gpxx:DisplayMode>SymbolAndName</gpxx:DisplayMode>
      </gpxx:WaypointExtension>
      <wptx1:WaypointExtension>
        <wptx1:DisplayMode>SymbolAndName</wptx1:DisplayMode>
      </wptx1:WaypointExtension>
      <ctx:CreationTimeExtension>
        <ctx:CreationTime>2020-11-08T10:28:09Z</ctx:CreationTime>
      </ctx:CreationTimeExtension>
    </extensions>
  </wpt>

  <wpt lat="56.390231000259519" lon="-4.83563200570643">
    <ele>916.29999999999995</ele>
    <time>2020-11-08T10:28:09Z</time>
    <name>Beinn a'Chleibh</name>
    <cmt>Beinn a'Chleibh</cmt>
    <desc>Beinn a'Chleibh</desc>
    <sym>Triangle, Red</sym>
    <type>user</type>
    <extensions>
      <gpxx:WaypointExtension>
        <gpxx:DisplayMode>SymbolAndName</gpxx:DisplayMode>
      </gpxx:WaypointExtension>
      <wptx1:WaypointExtension>
        <wptx1:DisplayMode>SymbolAndName</wptx1:DisplayMode>
      </wptx1:WaypointExtension>
      <ctx:CreationTimeExtension>
        <ctx:CreationTime>2020-11-08T10:28:09Z</ctx:CreationTime>
      </ctx:CreationTimeExtension>
    </extensions>
  </wpt>

  <wpt lat="56.44979003816843" lon="-5.068536009639502">
    <ele>980</ele>
    <time>2020-11-08T10:28:09Z</time>
    <name>Beinn a'Chochuill</name>
    <cmt>Beinn a'Chochuill</cmt>
    <desc>Beinn a'Chochuill</desc>
    <sym>Triangle, Red</sym>
    <type>user</type>
    <extensions>
      <gpxx:WaypointExtension>
        <gpxx:DisplayMode>SymbolAndName</gpxx:DisplayMode>
      </gpxx:WaypointExtension>
      <wptx1:WaypointExtension>
        <wptx1:DisplayMode>SymbolAndName</wptx1:DisplayMode>
      </wptx1:WaypointExtension>
      <ctx:CreationTimeExtension>
        <ctx:CreationTime>2020-11-08T10:28:09Z</ctx:CreationTime>
      </ctx:CreationTimeExtension>
    </extensions>
  </wpt>

  <wpt lat="56.560381958261132" lon="-4.647618038579822">
    <ele>1080.5999999999999</ele>
    <time>2020-11-08T10:28:09Z</time>
    <name>Beinn a'Chreachain</name>
    <cmt>Beinn a'Chreachain</cmt>
    <desc>Beinn a'Chreachain</desc>
    <sym>Triangle, Red</sym>
    <type>user</type>
    <extensions>
      <gpxx:WaypointExtension>
        <gpxx:DisplayMode>SymbolAndName</gpxx:DisplayMode>
      </gpxx:WaypointExtension>
      <wptx1:WaypointExtension>
        <wptx1:DisplayMode>SymbolAndName</wptx1:DisplayMode>
      </wptx1:WaypointExtension>
      <ctx:CreationTimeExtension>
        <ctx:CreationTime>2020-11-08T10:28:09Z</ctx:CreationTime>
      </ctx:CreationTimeExtension>
    </extensions>
  </wpt>

  <wpt lat="56.33198699913919" lon="-4.609637958928943">
    <ele>941.39999999999998</ele>
    <time>2020-11-08T10:28:09Z</time>
    <name>Beinn a'Chroin</name>
    <cmt>Beinn a'Chroin</cmt>
    <desc>Beinn a'Chroin</desc>
    <sym>Triangle, Red</sym>
    <type>user</type>
    <extensions>
      <gpxx:WaypointExtension>
        <gpxx:DisplayMode>SymbolAndName</gpxx:DisplayMode>
      </gpxx:WaypointExtension>
      <wptx1:WaypointExtension>
        <wptx1:DisplayMode>SymbolAndName</wptx1:DisplayMode>
      </wptx1:WaypointExtension>
      <ctx:CreationTimeExtension>
        <ctx:CreationTime>2020-11-08T10:28:09Z</ctx:CreationTime>
      </ctx:CreationTimeExtension>
    </extensions>
  </wpt>

  <wpt lat="56.831082981079817" lon="-3.729505017399788">
    <ele>1070</ele>
    <time>2020-11-08T10:28:09Z</time>
    <name>Beinn a'Ghlo-Braigh Coire Chruinn-bhalgain</name>
    <cmt>Beinn a'Ghlo-Braigh Coire Chruinn-bhalgain</cmt>
    <desc>Beinn a'Ghlo-Braigh Coire Chruinn-bhalgain</desc>
    <sym>Triangle, Red</sym>
    <type>user</type>
    <extensions>
      <gpxx:WaypointExtension>
        <gpxx:DisplayMode>SymbolAndName</gpxx:DisplayMode>
      </gpxx:WaypointExtension>
      <wptx1:WaypointExtension>
        <wptx1:DisplayMode>SymbolAndName</wptx1:DisplayMode>
      </wptx1:WaypointExtension>
      <ctx:CreationTimeExtension>
        <ctx:CreationTime>2020-11-08T10:28:09Z</ctx:CreationTime>
      </ctx:CreationTimeExtension>
    </extensions>
  </wpt>

  <wpt lat="56.807769974693656" lon="-3.744106041267514">
    <ele>976</ele>
    <time>2020-11-08T10:28:09Z</time>
    <name>Beinn a'Ghlo-Carn Liath</name>
    <cmt>Beinn a'Ghlo-Carn Liath</cmt>
    <desc>Beinn a'Ghlo-Carn Liath</desc>
    <sym>Triangle, Red</sym>
    <type>user</type>
    <extensions>
      <gpxx:WaypointExtension>
        <gpxx:DisplayMode>SymbolAndName</gpxx:DisplayMode>
      </gpxx:WaypointExtension>
      <wptx1:WaypointExtension>
        <wptx1:DisplayMode>SymbolAndName</wptx1:DisplayMode>
      </wptx1:WaypointExtension>
      <ctx:CreationTimeExtension>
        <ctx:CreationTime>2020-11-08T10:28:09Z</ctx:CreationTime>
      </ctx:CreationTimeExtension>
    </extensions>
  </wpt>

  <wpt lat="56.839837040752172" lon="-3.688005963340402">
    <ele>1121.9000000000001</ele>
    <time>2020-11-08T10:28:09Z</time>
    <name>Beinn a'Ghlo-Carn nan Gabhar</name>
    <cmt>Beinn a'Ghlo-Carn nan Gabhar</cmt>
    <desc>Beinn a'Ghlo-Carn nan Gabhar</desc>
    <sym>Triangle, Red</sym>
    <type>user</type>
    <extensions>
      <gpxx:WaypointExtension>
        <gpxx:DisplayMode>SymbolAndName</gpxx:DisplayMode>
      </gpxx:WaypointExtension>
      <wptx1:WaypointExtension>
        <wptx1:DisplayMode>SymbolAndName</wptx1:DisplayMode>
      </wptx1:WaypointExtension>
      <ctx:CreationTimeExtension>
        <ctx:CreationTime>2020-11-08T10:28:09Z</ctx:CreationTime>
      </ctx:CreationTimeExtension>
    </extensions>
  </wpt>

  <wpt lat="56.551886983215809" lon="-4.694525012746453">
    <ele>1038.5</ele>
    <time>2020-11-08T10:28:09Z</time>
    <name>Beinn Achaladair</name>
    <cmt>Beinn Achaladair</cmt>
    <desc>Beinn Achaladair</desc>
    <sym>Triangle, Red</sym>
    <type>user</type>
    <extensions>
      <gpxx:WaypointExtension>
        <gpxx:DisplayMode>SymbolAndName</gpxx:DisplayMode>
      </gpxx:WaypointExtension>
      <wptx1:WaypointExtension>
        <wptx1:DisplayMode>SymbolAndName</wptx1:DisplayMode>
      </wptx1:WaypointExtension>
      <ctx:CreationTimeExtension>
        <ctx:CreationTime>2020-11-08T10:28:09Z</ctx:CreationTime>
      </ctx:CreationTimeExtension>
    </extensions>
  </wpt>

  <wpt lat="57.590820025652647" lon="-5.572763979434967">
    <ele>986</ele>
    <time>2020-11-08T10:28:09Z</time>
    <name>Beinn Alligin-Sgurr Mhor</name>
    <cmt>Beinn Alligin-Sgurr Mhor</cmt>
    <desc>Beinn Alligin-Sgurr Mhor</desc>
    <sym>Triangle, Red</sym>
    <type>user</type>
    <extensions>
      <gpxx:WaypointExtension>
        <gpxx:DisplayMode>SymbolAndName</gpxx:DisplayMode>
      </gpxx:WaypointExtension>
      <wptx1:WaypointExtension>
        <wptx1:DisplayMode>SymbolAndName</wptx1:DisplayMode>
      </wptx1:WaypointExtension>
      <ctx:CreationTimeExtension>
        <ctx:CreationTime>2020-11-08T10:28:09Z</ctx:CreationTime>
      </ctx:CreationTimeExtension>
    </extensions>
  </wpt>

  <wpt lat="57.580519001930952" lon="-5.581911988556385">
    <ele>922</ele>
    <time>2020-11-08T10:28:09Z</time>
    <name>Beinn Alligin-Tom na Gruagaich</name>
    <cmt>Beinn Alligin-Tom na Gruagaich</cmt>
    <desc>Beinn Alligin-Tom na Gruagaich</desc>
    <sym>Triangle, Red</sym>
    <type>user</type>
    <extensions>
      <gpxx:WaypointExtension>
        <gpxx:DisplayMode>SymbolAndName</gpxx:DisplayMode>
      </gpxx:WaypointExtension>
      <wptx1:WaypointExtension>
        <wptx1:DisplayMode>SymbolAndName</wptx1:DisplayMode>
      </wptx1:WaypointExtension>
      <ctx:CreationTimeExtension>
        <ctx:CreationTime>2020-11-08T10:28:09Z</ctx:CreationTime>
      </ctx:CreationTimeExtension>
    </extensions>
  </wpt>

  <wpt lat="56.530112978070974" lon="-4.713946972042322">
    <ele>1004</ele>
    <time>2020-11-08T10:28:09Z</time>
    <name>Beinn an Dothaidh</name>
    <cmt>Beinn an Dothaidh</cmt>
    <desc>Beinn an Dothaidh</desc>
    <sym>Triangle, Red</sym>
    <type>user</type>
    <extensions>
      <gpxx:WaypointExtension>
        <gpxx:DisplayMode>SymbolAndName</gpxx:DisplayMode>
      </gpxx:WaypointExtension>
      <wptx1:WaypointExtension>
        <wptx1:DisplayMode>SymbolAndName</wptx1:DisplayMode>
      </wptx1:WaypointExtension>
      <ctx:CreationTimeExtension>
        <ctx:CreationTime>2020-11-08T10:28:09Z</ctx:CreationTime>
      </ctx:CreationTimeExtension>
    </extensions>
  </wpt>

  <wpt lat="56.813275963068008" lon="-4.430646020919085">
    <ele>1019</ele>
    <time>2020-11-08T10:28:09Z</time>
    <name>Beinn Bheoil</name>
    <cmt>Beinn Bheoil</cmt>
    <desc>Beinn Bheoil</desc>
    <sym>Triangle, Red</sym>
    <type>user</type>
    <extensions>
      <gpxx:WaypointExtension>
        <gpxx:DisplayMode>SymbolAndName</gpxx:DisplayMode>
      </gpxx:WaypointExtension>
      <wptx1:WaypointExtension>
        <wptx1:DisplayMode>SymbolAndName</wptx1:DisplayMode>
      </wptx1:WaypointExtension>
      <ctx:CreationTimeExtension>
        <ctx:CreationTime>2020-11-08T10:28:09Z</ctx:CreationTime>
      </ctx:CreationTimeExtension>
    </extensions>
  </wpt>

  <wpt lat="57.05507199279964" lon="-3.553471975028515">
    <ele>931</ele>
    <time>2020-10-20T15:52:10Z</time>
    <name>Beinn Bhreac</name>
    <cmt>Beinn Bhreac</cmt>
    <desc>Beinn Bhreac</desc>
    <sym>Triangle, Red</sym>
    <type>user</type>
    <extensions>
      <gpxx:WaypointExtension>
        <gpxx:DisplayMode>SymbolAndName</gpxx:DisplayMode>
      </gpxx:WaypointExtension>
      <wptx1:WaypointExtension>
        <wptx1:DisplayMode>SymbolAndName</wptx1:DisplayMode>
      </wptx1:WaypointExtension>
      <ctx:CreationTimeExtension>
        <ctx:CreationTime>2020-10-20T15:52:10Z</ctx:CreationTime>
      </ctx:CreationTimeExtension>
    </extensions>
  </wpt>

  <wpt lat="57.00986796990037" lon="-3.723797025159001">
    <ele>1157</ele>
    <time>2020-10-20T15:52:10Z</time>
    <name>Beinn Bhrotain</name>
    <cmt>Beinn Bhrotain</cmt>
    <desc>Beinn Bhrotain</desc>
    <sym>Triangle, Red</sym>
    <type>user</type>
    <extensions>
      <gpxx:WaypointExtension>
        <gpxx:DisplayMode>SymbolAndName</gpxx:DisplayMode>
      </gpxx:WaypointExtension>
      <wptx1:WaypointExtension>
        <wptx1:DisplayMode>SymbolAndName</wptx1:DisplayMode>
      </wptx1:WaypointExtension>
      <ctx:CreationTimeExtension>
        <ctx:CreationTime>2020-10-20T15:52:10Z</ctx:CreationTime>
      </ctx:CreationTimeExtension>
    </extensions>
  </wpt>

  <wpt lat="56.326661976054311" lon="-4.906722027808428">
    <ele>948.5</ele>
    <time>2020-11-08T10:28:09Z</time>
    <name>Beinn Bhuidhe</name>
    <cmt>Beinn Bhuidhe</cmt>
    <desc>Beinn Bhuidhe</desc>
    <sym>Triangle, Red</sym>
    <type>user</type>
    <extensions>
      <gpxx:WaypointExtension>
        <gpxx:DisplayMode>SymbolAndName</gpxx:DisplayMode>
      </gpxx:WaypointExtension>
      <wptx1:WaypointExtension>
        <wptx1:DisplayMode>SymbolAndName</wptx1:DisplayMode>
      </wptx1:WaypointExtension>
      <ctx:CreationTimeExtension>
        <ctx:CreationTime>2020-11-08T10:28:09Z</ctx:CreationTime>
      </ctx:CreationTimeExtension>
    </extensions>
  </wpt>

  <wpt lat="56.325775003060699" lon="-4.641485000029206">
    <ele>932.10000000000002</ele>
    <time>2020-11-08T10:28:09Z</time>
    <name>Beinn Chabhair</name>
    <cmt>Beinn Chabhair</cmt>
    <desc>Beinn Chabhair</desc>
    <sym>Triangle, Red</sym>
    <type>user</type>
    <extensions>
      <gpxx:WaypointExtension>
        <gpxx:DisplayMode>SymbolAndName</gpxx:DisplayMode>
      </gpxx:WaypointExtension>
      <wptx1:WaypointExtension>
        <wptx1:DisplayMode>SymbolAndName</wptx1:DisplayMode>
      </wptx1:WaypointExtension>
      <ctx:CreationTimeExtension>
        <ctx:CreationTime>2020-11-08T10:28:09Z</ctx:CreationTime>
      </ctx:CreationTimeExtension>
    </extensions>
  </wpt>

  <wpt lat="57.786339987069368" lon="-4.929573023691773">
    <ele>1084</ele>
    <time>2020-11-08T10:28:09Z</time>
    <name>Beinn Dearg</name>
    <cmt>Beinn Dearg</cmt>
    <desc>Beinn Dearg</desc>
    <sym>Triangle, Red</sym>
    <type>user</type>
    <extensions>
      <gpxx:WaypointExtension>
        <gpxx:DisplayMode>SymbolAndName</gpxx:DisplayMode>
      </gpxx:WaypointExtension>
      <wptx1:WaypointExtension>
        <wptx1:DisplayMode>SymbolAndName</wptx1:DisplayMode>
      </wptx1:WaypointExtension>
      <ctx:CreationTimeExtension>
        <ctx:CreationTime>2020-11-08T10:28:09Z</ctx:CreationTime>
      </ctx:CreationTimeExtension>
    </extensions>
  </wpt>

  <wpt lat="56.877345973625779" lon="-3.883718959987164">
    <ele>1008.7</ele>
    <time>2020-11-08T10:28:09Z</time>
    <name>Beinn Dearg1</name>
    <cmt>Beinn Dearg</cmt>
    <desc>Beinn Dearg</desc>
    <sym>Triangle, Red</sym>
    <type>user</type>
    <extensions>
      <gpxx:WaypointExtension>
        <gpxx:DisplayMode>SymbolAndName</gpxx:DisplayMode>
      </gpxx:WaypointExtension>
      <wptx1:WaypointExtension>
        <wptx1:DisplayMode>SymbolAndName</wptx1:DisplayMode>
      </wptx1:WaypointExtension>
      <ctx:CreationTimeExtension>
        <ctx:CreationTime>2020-11-08T10:28:09Z</ctx:CreationTime>
      </ctx:CreationTimeExtension>
    </extensions>
  </wpt>

  <wpt lat="56.502887969836593" lon="-4.722141958773136">
    <ele>1076</ele>
    <time>2020-11-08T10:28:09Z</time>
    <name>Beinn Dorain</name>
    <cmt>Beinn Dorain</cmt>
    <desc>Beinn Dorain</desc>
    <sym>Triangle, Red</sym>
    <type>user</type>
    <extensions>
      <gpxx:WaypointExtension>
        <gpxx:DisplayMode>SymbolAndName</gpxx:DisplayMode>
      </gpxx:WaypointExtension>
      <wptx1:WaypointExtension>
        <wptx1:DisplayMode>SymbolAndName</wptx1:DisplayMode>
      </wptx1:WaypointExtension>
      <ctx:CreationTimeExtension>
        <ctx:CreationTime>2020-11-08T10:28:09Z</ctx:CreationTime>
      </ctx:CreationTimeExtension>
    </extensions>
  </wpt>

  <wpt lat="56.391303967684507" lon="-4.743194030597806">
    <ele>978</ele>
    <time>2020-11-08T10:28:09Z</time>
    <name>Beinn Dubhchraig</name>
    <cmt>Beinn Dubhchraig</cmt>
    <desc>Beinn Dubhchraig</desc>
    <sym>Triangle, Red</sym>
    <type>user</type>
    <extensions>
      <gpxx:WaypointExtension>
        <gpxx:DisplayMode>SymbolAndName</gpxx:DisplayMode>
      </gpxx:WaypointExtension>
      <wptx1:WaypointExtension>
        <wptx1:DisplayMode>SymbolAndName</wptx1:DisplayMode>
      </wptx1:WaypointExtension>
      <ctx:CreationTimeExtension>
        <ctx:CreationTime>2020-11-08T10:28:09Z</ctx:CreationTime>
      </ctx:CreationTimeExtension>
    </extensions>
  </wpt>

  <wpt lat="56.825254037976265" lon="-4.542081998661161">
    <ele>1103.2</ele>
    <time>2020-11-08T10:28:09Z</time>
    <name>Beinn Eibhinn</name>
    <cmt>Beinn Eibhinn</cmt>
    <desc>Beinn Eibhinn</desc>
    <sym>Triangle, Red</sym>
    <type>user</type>
    <extensions>
      <gpxx:WaypointExtension>
        <gpxx:DisplayMode>SymbolAndName</gpxx:DisplayMode>
      </gpxx:WaypointExtension>
      <wptx1:WaypointExtension>
        <wptx1:DisplayMode>SymbolAndName</wptx1:DisplayMode>
      </wptx1:WaypointExtension>
      <ctx:CreationTimeExtension>
        <ctx:CreationTime>2020-11-08T10:28:09Z</ctx:CreationTime>
      </ctx:CreationTimeExtension>
    </extensions>
  </wpt>

  <wpt lat="57.593735000118613" lon="-5.429453970864415">
    <ele>1010</ele>
    <time>2020-11-08T10:28:09Z</time>
    <name>Beinn Eighe-Ruadh-stac Mor</name>
    <cmt>Beinn Eighe-Ruadh-stac Mor</cmt>
    <desc>Beinn Eighe-Ruadh-stac Mor</desc>
    <sym>Triangle, Red</sym>
    <type>user</type>
    <extensions>
      <gpxx:WaypointExtension>
        <gpxx:DisplayMode>SymbolAndName</gpxx:DisplayMode>
      </gpxx:WaypointExtension>
      <wptx1:WaypointExtension>
        <wptx1:DisplayMode>SymbolAndName</wptx1:DisplayMode>
      </wptx1:WaypointExtension>
      <ctx:CreationTimeExtension>
        <ctx:CreationTime>2020-11-08T10:28:09Z</ctx:CreationTime>
      </ctx:CreationTimeExtension>
    </extensions>
  </wpt>

  <wpt lat="57.582097984850407" lon="-5.403706021606922">
    <ele>993</ele>
    <time>2020-11-08T10:28:09Z</time>
    <name>Beinn Eighe-Spidean Coire nan Clach</name>
    <cmt>Beinn Eighe-Spidean Coire nan Clach</cmt>
    <desc>Beinn Eighe-Spidean Coire nan Clach</desc>
    <sym>Triangle, Red</sym>
    <type>user</type>
    <extensions>
      <gpxx:WaypointExtension>
        <gpxx:DisplayMode>SymbolAndName</gpxx:DisplayMode>
      </gpxx:WaypointExtension>
      <wptx1:WaypointExtension>
        <wptx1:DisplayMode>SymbolAndName</wptx1:DisplayMode>
      </wptx1:WaypointExtension>
      <ctx:CreationTimeExtension>
        <ctx:CreationTime>2020-11-08T10:28:09Z</ctx:CreationTime>
      </ctx:CreationTimeExtension>
    </extensions>
  </wpt>

  <wpt lat="56.45035196095705" lon="-5.026638982817531">
    <ele>989</ele>
    <time>2020-11-08T10:28:09Z</time>
    <name>Beinn Eunaich</name>
    <cmt>Beinn Eunaich</cmt>
    <desc>Beinn Eunaich</desc>
    <sym>Triangle, Red</sym>
    <type>user</type>
    <extensions>
      <gpxx:WaypointExtension>
        <gpxx:DisplayMode>SymbolAndName</gpxx:DisplayMode>
      </gpxx:WaypointExtension>
      <wptx1:WaypointExtension>
        <wptx1:DisplayMode>SymbolAndName</wptx1:DisplayMode>
      </wptx1:WaypointExtension>
      <ctx:CreationTimeExtension>
        <ctx:CreationTime>2020-11-08T10:28:09Z</ctx:CreationTime>
      </ctx:CreationTimeExtension>
    </extensions>
  </wpt>

  <wpt lat="57.220993023365736" lon="-5.283517995849252">
    <ele>1032</ele>
    <time>2020-11-08T10:28:09Z</time>
    <name>Beinn Fhada</name>
    <cmt>Beinn Fhada</cmt>
    <desc>Beinn Fhada</desc>
    <sym>Triangle, Red</sym>
    <type>user</type>
    <extensions>
      <gpxx:WaypointExtension>
        <gpxx:DisplayMode>SymbolAndName</gpxx:DisplayMode>
      </gpxx:WaypointExtension>
      <wptx1:WaypointExtension>
        <wptx1:DisplayMode>SymbolAndName</wptx1:DisplayMode>
      </wptx1:WaypointExtension>
      <ctx:CreationTimeExtension>
        <ctx:CreationTime>2020-11-08T10:28:09Z</ctx:CreationTime>
      </ctx:CreationTimeExtension>
    </extensions>
  </wpt>

  <wpt lat="57.305994993075728" lon="-5.129910986870527">
    <ele>1005</ele>
    <time>2020-11-08T10:28:09Z</time>
    <name>Beinn Fhionnlaidh</name>
    <cmt>Beinn Fhionnlaidh</cmt>
    <desc>Beinn Fhionnlaidh</desc>
    <sym>Triangle, Red</sym>
    <type>user</type>
    <extensions>
      <gpxx:WaypointExtension>
        <gpxx:DisplayMode>SymbolAndName</gpxx:DisplayMode>
      </gpxx:WaypointExtension>
      <wptx1:WaypointExtension>
        <wptx1:DisplayMode>SymbolAndName</wptx1:DisplayMode>
      </wptx1:WaypointExtension>
      <ctx:CreationTimeExtension>
        <ctx:CreationTime>2020-11-08T10:28:09Z</ctx:CreationTime>
      </ctx:CreationTimeExtension>
    </extensions>
  </wpt>

  <wpt lat="56.600979035720229" lon="-5.104733007028699">
    <ele>959</ele>
    <time>2020-11-08T10:28:09Z</time>
    <name>Beinn Fhionnlaidh1</name>
    <cmt>Beinn Fhionnlaidh</cmt>
    <desc>Beinn Fhionnlaidh</desc>
    <sym>Triangle, Red</sym>
    <type>user</type>
    <extensions>
      <gpxx:WaypointExtension>
        <gpxx:DisplayMode>SymbolAndName</gpxx:DisplayMode>
      </gpxx:WaypointExtension>
      <wptx1:WaypointExtension>
        <wptx1:DisplayMode>SymbolAndName</wptx1:DisplayMode>
      </wptx1:WaypointExtension>
      <ctx:CreationTimeExtension>
        <ctx:CreationTime>2020-11-08T10:28:09Z</ctx:CreationTime>
      </ctx:CreationTimeExtension>
    </extensions>
  </wpt>

  <wpt lat="56.536005036905408" lon="-4.236977035179734">
    <ele>1103</ele>
    <time>2020-11-08T10:28:09Z</time>
    <name>Beinn Ghlas</name>
    <cmt>Beinn Ghlas</cmt>
    <desc>Beinn Ghlas</desc>
    <sym>Triangle, Red</sym>
    <type>user</type>
    <extensions>
      <gpxx:WaypointExtension>
        <gpxx:DisplayMode>SymbolAndName</gpxx:DisplayMode>
      </gpxx:WaypointExtension>
      <wptx1:WaypointExtension>
        <wptx1:DisplayMode>SymbolAndName</wptx1:DisplayMode>
      </wptx1:WaypointExtension>
      <ctx:CreationTimeExtension>
        <ctx:CreationTime>2020-11-08T10:28:09Z</ctx:CreationTime>
      </ctx:CreationTimeExtension>
    </extensions>
  </wpt>

  <wpt lat="56.236819960176945" lon="-4.817158961668611">
    <ele>1011</ele>
    <time>2020-11-08T10:28:09Z</time>
    <name>Beinn Ime</name>
    <cmt>Beinn Ime</cmt>
    <desc>Beinn Ime</desc>
    <sym>Triangle, Red</sym>
    <type>user</type>
    <extensions>
      <gpxx:WaypointExtension>
        <gpxx:DisplayMode>SymbolAndName</gpxx:DisplayMode>
      </gpxx:WaypointExtension>
      <wptx1:WaypointExtension>
        <wptx1:DisplayMode>SymbolAndName</wptx1:DisplayMode>
      </wptx1:WaypointExtension>
      <ctx:CreationTimeExtension>
        <ctx:CreationTime>2020-11-08T10:28:09Z</ctx:CreationTime>
      </ctx:CreationTimeExtension>
    </extensions>
  </wpt>

  <wpt lat="56.894993986934423" lon="-3.568228986114264">
    <ele>1045</ele>
    <time>2020-11-08T10:28:09Z</time>
    <name>Beinn Iutharn Mhor</name>
    <cmt>Beinn Iutharn Mhor</cmt>
    <desc>Beinn Iutharn Mhor</desc>
    <sym>Triangle, Red</sym>
    <type>user</type>
    <extensions>
      <gpxx:WaypointExtension>
        <gpxx:DisplayMode>SymbolAndName</gpxx:DisplayMode>
      </gpxx:WaypointExtension>
      <wptx1:WaypointExtension>
        <wptx1:DisplayMode>SymbolAndName</wptx1:DisplayMode>
      </wptx1:WaypointExtension>
      <ctx:CreationTimeExtension>
        <ctx:CreationTime>2020-11-08T10:28:09Z</ctx:CreationTime>
      </ctx:CreationTimeExtension>
    </extensions>
  </wpt>

  <wpt lat="57.512073973193765" lon="-5.400617038831115">
    <ele>926</ele>
    <time>2020-11-08T10:28:09Z</time>
    <name>Beinn Liath Mhor</name>
    <cmt>Beinn Liath Mhor</cmt>
    <desc>Beinn Liath Mhor</desc>
    <sym>Triangle, Red</sym>
    <type>user</type>
    <extensions>
      <gpxx:WaypointExtension>
        <gpxx:DisplayMode>SymbolAndName</gpxx:DisplayMode>
      </gpxx:WaypointExtension>
      <wptx1:WaypointExtension>
        <wptx1:DisplayMode>SymbolAndName</wptx1:DisplayMode>
      </wptx1:WaypointExtension>
      <ctx:CreationTimeExtension>
        <ctx:CreationTime>2020-11-08T10:28:09Z</ctx:CreationTime>
      </ctx:CreationTimeExtension>
    </extensions>
  </wpt>

  <wpt lat="57.706103967502713" lon="-4.989775959402323">
    <ele>954</ele>
    <time>2020-11-08T10:28:09Z</time>
    <name>Beinn Liath Mhor Fannaich</name>
    <cmt>Beinn Liath Mhor Fannaich</cmt>
    <desc>Beinn Liath Mhor Fannaich</desc>
    <sym>Triangle, Red</sym>
    <type>user</type>
    <extensions>
      <gpxx:WaypointExtension>
        <gpxx:DisplayMode>SymbolAndName</gpxx:DisplayMode>
      </gpxx:WaypointExtension>
      <wptx1:WaypointExtension>
        <wptx1:DisplayMode>SymbolAndName</wptx1:DisplayMode>
      </wptx1:WaypointExtension>
      <ctx:CreationTimeExtension>
        <ctx:CreationTime>2020-11-08T10:28:09Z</ctx:CreationTime>
      </ctx:CreationTimeExtension>
    </extensions>
  </wpt>

  <wpt lat="56.534021962434053" lon="-4.646074008196592">
    <ele>953</ele>
    <time>2020-11-08T10:28:09Z</time>
    <name>Beinn Mhanach</name>
    <cmt>Beinn Mhanach</cmt>
    <desc>Beinn Mhanach</desc>
    <sym>Triangle, Red</sym>
    <type>user</type>
    <extensions>
      <gpxx:WaypointExtension>
        <gpxx:DisplayMode>SymbolAndName</gpxx:DisplayMode>
      </gpxx:WaypointExtension>
      <wptx1:WaypointExtension>
        <wptx1:DisplayMode>SymbolAndName</wptx1:DisplayMode>
      </wptx1:WaypointExtension>
      <ctx:CreationTimeExtension>
        <ctx:CreationTime>2020-11-08T10:28:09Z</ctx:CreationTime>
      </ctx:CreationTimeExtension>
    </extensions>
  </wpt>

  <wpt lat="57.09584902971983" lon="-3.611464016139507">
    <ele>1182.9000000000001</ele>
    <time>2020-10-20T15:52:10Z</time>
    <name>Beinn Mheadhoin</name>
    <cmt>Beinn Mheadhoin</cmt>
    <desc>Beinn Mheadhoin</desc>
    <sym>Triangle, Red</sym>
    <type>user</type>
    <extensions>
      <gpxx:WaypointExtension>
        <gpxx:DisplayMode>SymbolAndName</gpxx:DisplayMode>
      </gpxx:WaypointExtension>
      <wptx1:WaypointExtension>
        <wptx1:DisplayMode>SymbolAndName</wptx1:DisplayMode>
      </wptx1:WaypointExtension>
      <ctx:CreationTimeExtension>
        <ctx:CreationTime>2020-10-20T15:52:10Z</ctx:CreationTime>
      </ctx:CreationTimeExtension>
    </extensions>
  </wpt>

  <wpt lat="56.789389969781041" lon="-4.659994002431631">
    <ele>935</ele>
    <time>2020-11-08T10:28:09Z</time>
    <name>Beinn na Lap</name>
    <cmt>Beinn na Lap</cmt>
    <desc>Beinn na Lap</desc>
    <sym>Triangle, Red</sym>
    <type>user</type>
    <extensions>
      <gpxx:WaypointExtension>
        <gpxx:DisplayMode>SymbolAndName</gpxx:DisplayMode>
      </gpxx:WaypointExtension>
      <wptx1:WaypointExtension>
        <wptx1:DisplayMode>SymbolAndName</wptx1:DisplayMode>
      </wptx1:WaypointExtension>
      <ctx:CreationTimeExtension>
        <ctx:CreationTime>2020-11-08T10:28:09Z</ctx:CreationTime>
      </ctx:CreationTimeExtension>
    </extensions>
  </wpt>

  <wpt lat="56.520220991224051" lon="-5.01123296096921">
    <ele>960</ele>
    <time>2020-11-08T10:28:09Z</time>
    <name>Beinn nan Aighenan</name>
    <cmt>Beinn nan Aighenan</cmt>
    <desc>Beinn nan Aighenan</desc>
    <sym>Triangle, Red</sym>
    <type>user</type>
    <extensions>
      <gpxx:WaypointExtension>
        <gpxx:DisplayMode>SymbolAndName</gpxx:DisplayMode>
      </gpxx:WaypointExtension>
      <wptx1:WaypointExtension>
        <wptx1:DisplayMode>SymbolAndName</wptx1:DisplayMode>
      </wptx1:WaypointExtension>
      <ctx:CreationTimeExtension>
        <ctx:CreationTime>2020-11-08T10:28:09Z</ctx:CreationTime>
      </ctx:CreationTimeExtension>
    </extensions>
  </wpt>

  <wpt lat="56.220946982502937" lon="-4.789001969620585">
    <ele>927</ele>
    <time>2020-11-08T10:28:09Z</time>
    <name>Beinn Narnain</name>
    <cmt>Beinn Narnain</cmt>
    <desc>Beinn Narnain</desc>
    <sym>Triangle, Red</sym>
    <type>user</type>
    <extensions>
      <gpxx:WaypointExtension>
        <gpxx:DisplayMode>SymbolAndName</gpxx:DisplayMode>
      </gpxx:WaypointExtension>
      <wptx1:WaypointExtension>
        <wptx1:DisplayMode>SymbolAndName</wptx1:DisplayMode>
      </wptx1:WaypointExtension>
      <ctx:CreationTimeExtension>
        <ctx:CreationTime>2020-11-08T10:28:09Z</ctx:CreationTime>
      </ctx:CreationTimeExtension>
    </extensions>
  </wpt>

  <wpt lat="57.153823971748352" lon="-5.579727999866009">
    <ele>974</ele>
    <time>2020-11-08T10:28:09Z</time>
    <name>Beinn Sgritheall</name>
    <cmt>Beinn Sgritheall</cmt>
    <desc>Beinn Sgritheall</desc>
    <sym>Triangle, Red</sym>
    <type>user</type>
    <extensions>
      <gpxx:WaypointExtension>
        <gpxx:DisplayMode>SymbolAndName</gpxx:DisplayMode>
      </gpxx:WaypointExtension>
      <wptx1:WaypointExtension>
        <wptx1:DisplayMode>SymbolAndName</wptx1:DisplayMode>
      </wptx1:WaypointExtension>
      <ctx:CreationTimeExtension>
        <ctx:CreationTime>2020-11-08T10:28:09Z</ctx:CreationTime>
      </ctx:CreationTimeExtension>
    </extensions>
  </wpt>

  <wpt lat="56.566232023760676" lon="-5.170364985242486">
    <ele>937</ele>
    <time>2020-11-08T10:28:09Z</time>
    <name>Beinn Sgulaird</name>
    <cmt>Beinn Sgulaird</cmt>
    <desc>Beinn Sgulaird</desc>
    <sym>Triangle, Red</sym>
    <type>user</type>
    <extensions>
      <gpxx:WaypointExtension>
        <gpxx:DisplayMode>SymbolAndName</gpxx:DisplayMode>
      </gpxx:WaypointExtension>
      <wptx1:WaypointExtension>
        <wptx1:DisplayMode>SymbolAndName</wptx1:DisplayMode>
      </wptx1:WaypointExtension>
      <ctx:CreationTimeExtension>
        <ctx:CreationTime>2020-11-08T10:28:09Z</ctx:CreationTime>
      </ctx:CreationTimeExtension>
    </extensions>
  </wpt>

  <wpt lat="56.51027200743556" lon="-4.579218020662665">
    <ele>1077.4000000000001</ele>
    <time>2020-11-08T10:28:09Z</time>
    <name>Beinn Sheasgarnaich (Beinn Heasgarnich)</name>
    <cmt>Beinn Sheasgarnaich (Beinn Heasgarnich)</cmt>
    <desc>Beinn Sheasgarnaich (Beinn Heasgarnich)</desc>
    <sym>Triangle, Red</sym>
    <type>user</type>
    <extensions>
      <gpxx:WaypointExtension>
        <gpxx:DisplayMode>SymbolAndName</gpxx:DisplayMode>
      </gpxx:WaypointExtension>
      <wptx1:WaypointExtension>
        <wptx1:DisplayMode>SymbolAndName</wptx1:DisplayMode>
      </wptx1:WaypointExtension>
      <ctx:CreationTimeExtension>
        <ctx:CreationTime>2020-11-08T10:28:09Z</ctx:CreationTime>
      </ctx:CreationTimeExtension>
    </extensions>
  </wpt>

  <wpt lat="57.702043019235134" lon="-5.291599994525313">
    <ele>937</ele>
    <time>2020-11-08T10:28:09Z</time>
    <name>Beinn Tarsuinn</name>
    <cmt>Beinn Tarsuinn</cmt>
    <desc>Beinn Tarsuinn</desc>
    <sym>Triangle, Red</sym>
    <type>user</type>
    <extensions>
      <gpxx:WaypointExtension>
        <gpxx:DisplayMode>SymbolAndName</gpxx:DisplayMode>
      </gpxx:WaypointExtension>
      <wptx1:WaypointExtension>
        <wptx1:DisplayMode>SymbolAndName</wptx1:DisplayMode>
      </wptx1:WaypointExtension>
      <ctx:CreationTimeExtension>
        <ctx:CreationTime>2020-11-08T10:28:09Z</ctx:CreationTime>
      </ctx:CreationTimeExtension>
    </extensions>
  </wpt>

  <wpt lat="56.935928016901016" lon="-4.694757023826242">
    <ele>914.60000000000002</ele>
    <time>2020-11-08T10:28:09Z</time>
    <name>Beinn Teallach</name>
    <cmt>Beinn Teallach</cmt>
    <desc>Beinn Teallach</desc>
    <sym>Triangle, Red</sym>
    <type>user</type>
    <extensions>
      <gpxx:WaypointExtension>
        <gpxx:DisplayMode>SymbolAndName</gpxx:DisplayMode>
      </gpxx:WaypointExtension>
      <wptx1:WaypointExtension>
        <wptx1:DisplayMode>SymbolAndName</wptx1:DisplayMode>
      </wptx1:WaypointExtension>
      <ctx:CreationTimeExtension>
        <ctx:CreationTime>2020-11-08T10:28:09Z</ctx:CreationTime>
      </ctx:CreationTimeExtension>
    </extensions>
  </wpt>

  <wpt lat="56.342216022312641" lon="-4.563330039381981">
    <ele>945.79999999999995</ele>
    <time>2020-11-08T10:28:09Z</time>
    <name>Beinn Tulaichean</name>
    <cmt>Beinn Tulaichean</cmt>
    <desc>Beinn Tulaichean</desc>
    <sym>Triangle, Red</sym>
    <type>user</type>
    <extensions>
      <gpxx:WaypointExtension>
        <gpxx:DisplayMode>SymbolAndName</gpxx:DisplayMode>
      </gpxx:WaypointExtension>
      <wptx1:WaypointExtension>
        <wptx1:DisplayMode>SymbolAndName</wptx1:DisplayMode>
      </wptx1:WaypointExtension>
      <ctx:CreationTimeExtension>
        <ctx:CreationTime>2020-11-08T10:28:09Z</ctx:CreationTime>
      </ctx:CreationTimeExtension>
    </extensions>
  </wpt>

  <wpt lat="56.83547199703753" lon="-4.329912979155779">
    <ele>1011</ele>
    <time>2020-11-08T10:28:09Z</time>
    <name>Beinn Udlamain</name>
    <cmt>Beinn Udlamain</cmt>
    <desc>Beinn Udlamain</desc>
    <sym>Triangle, Red</sym>
    <type>user</type>
    <extensions>
      <gpxx:WaypointExtension>
        <gpxx:DisplayMode>SymbolAndName</gpxx:DisplayMode>
      </gpxx:WaypointExtension>
      <wptx1:WaypointExtension>
        <wptx1:DisplayMode>SymbolAndName</wptx1:DisplayMode>
      </wptx1:WaypointExtension>
      <ctx:CreationTimeExtension>
        <ctx:CreationTime>2020-11-08T10:28:09Z</ctx:CreationTime>
      </ctx:CreationTimeExtension>
    </extensions>
  </wpt>

  <wpt lat="56.813795976340771" lon="-4.465089021250606">
    <ele>1148</ele>
    <time>2020-11-08T10:28:09Z</time>
    <name>Ben Alder</name>
    <cmt>Ben Alder</cmt>
    <desc>Ben Alder</desc>
    <sym>Triangle, Red</sym>
    <type>user</type>
    <extensions>
      <gpxx:WaypointExtension>
        <gpxx:DisplayMode>SymbolAndName</gpxx:DisplayMode>
      </gpxx:WaypointExtension>
      <wptx1:WaypointExtension>
        <wptx1:DisplayMode>SymbolAndName</wptx1:DisplayMode>
      </wptx1:WaypointExtension>
      <ctx:CreationTimeExtension>
        <ctx:CreationTime>2020-11-08T10:28:09Z</ctx:CreationTime>
      </ctx:CreationTimeExtension>
    </extensions>
  </wpt>

  <wpt lat="57.099346965551376" lon="-3.434421960264444">
    <ele>1171</ele>
    <time>2020-10-20T15:52:10Z</time>
    <name>Ben Avon-Leabaidh an Daimh Bhuidhe</name>
    <cmt>Ben Avon-Leabaidh an Daimh Bhuidhe</cmt>
    <desc>Ben Avon-Leabaidh an Daimh Bhuidhe</desc>
    <sym>Triangle, Red</sym>
    <type>user</type>
    <extensions>
      <gpxx:WaypointExtension>
        <gpxx:DisplayMode>SymbolAndName</gpxx:DisplayMode>
      </gpxx:WaypointExtension>
      <wptx1:WaypointExtension>
        <wptx1:DisplayMode>SymbolAndName</wptx1:DisplayMode>
      </wptx1:WaypointExtension>
      <ctx:CreationTimeExtension>
        <ctx:CreationTime>2020-10-20T15:52:10Z</ctx:CreationTime>
      </ctx:CreationTimeExtension>
    </extensions>
  </wpt>

  <wpt lat="56.454565040767193" lon="-4.619183018803597">
    <ele>1025</ele>
    <time>2020-11-08T10:28:09Z</time>
    <name>Ben Challum (Beinn Challuim)</name>
    <cmt>Ben Challum (Beinn Challuim)</cmt>
    <desc>Ben Challum (Beinn Challuim)</desc>
    <sym>Triangle, Red</sym>
    <type>user</type>
    <extensions>
      <gpxx:WaypointExtension>
        <gpxx:DisplayMode>SymbolAndName</gpxx:DisplayMode>
      </gpxx:WaypointExtension>
      <wptx1:WaypointExtension>
        <wptx1:DisplayMode>SymbolAndName</wptx1:DisplayMode>
      </wptx1:WaypointExtension>
      <ctx:CreationTimeExtension>
        <ctx:CreationTime>2020-11-08T10:28:09Z</ctx:CreationTime>
      </ctx:CreationTimeExtension>
    </extensions>
  </wpt>

  <wpt lat="56.453850986436009" lon="-3.992056986317039">
    <ele>931</ele>
    <time>2020-11-08T10:28:09Z</time>
    <name>Ben Chonzie</name>
    <cmt>Ben Chonzie</cmt>
    <desc>Ben Chonzie</desc>
    <sym>Triangle, Red</sym>
    <type>user</type>
    <extensions>
      <gpxx:WaypointExtension>
        <gpxx:DisplayMode>SymbolAndName</gpxx:DisplayMode>
      </gpxx:WaypointExtension>
      <wptx1:WaypointExtension>
        <wptx1:DisplayMode>SymbolAndName</wptx1:DisplayMode>
      </wptx1:WaypointExtension>
      <ctx:CreationTimeExtension>
        <ctx:CreationTime>2020-11-08T10:28:09Z</ctx:CreationTime>
      </ctx:CreationTimeExtension>
    </extensions>
  </wpt>

  <wpt lat="56.426838962361217" lon="-5.13182801194489">
    <ele>1127</ele>
    <time>2020-11-08T10:28:09Z</time>
    <name>Ben Cruachan</name>
    <cmt>Ben Cruachan</cmt>
    <desc>Ben Cruachan</desc>
    <sym>Triangle, Red</sym>
    <type>user</type>
    <extensions>
      <gpxx:WaypointExtension>
        <gpxx:DisplayMode>SymbolAndName</gpxx:DisplayMode>
      </gpxx:WaypointExtension>
      <wptx1:WaypointExtension>
        <wptx1:DisplayMode>SymbolAndName</wptx1:DisplayMode>
      </wptx1:WaypointExtension>
      <ctx:CreationTimeExtension>
        <ctx:CreationTime>2020-11-08T10:28:09Z</ctx:CreationTime>
      </ctx:CreationTimeExtension>
    </extensions>
  </wpt>

  <wpt lat="58.413112973794341" lon="-4.607859989628196">
    <ele>927</ele>
    <time>2020-11-08T10:28:09Z</time>
    <name>Ben Hope</name>
    <cmt>Ben Hope</cmt>
    <desc>Ben Hope</desc>
    <sym>Triangle, Red</sym>
    <type>user</type>
    <extensions>
      <gpxx:WaypointExtension>
        <gpxx:DisplayMode>SymbolAndName</gpxx:DisplayMode>
      </gpxx:WaypointExtension>
      <wptx1:WaypointExtension>
        <wptx1:DisplayMode>SymbolAndName</wptx1:DisplayMode>
      </wptx1:WaypointExtension>
      <ctx:CreationTimeExtension>
        <ctx:CreationTime>2020-11-08T10:28:09Z</ctx:CreationTime>
      </ctx:CreationTimeExtension>
    </extensions>
  </wpt>

  <wpt lat="58.235201966017485" lon="-4.411130016669631">
    <ele>962.10000000000002</ele>
    <time>2020-11-08T10:28:09Z</time>
    <name>Ben Klibreck-Meall nan Con</name>
    <cmt>Ben Klibreck-Meall nan Con</cmt>
    <desc>Ben Klibreck-Meall nan Con</desc>
    <sym>Triangle, Red</sym>
    <type>user</type>
    <extensions>
      <gpxx:WaypointExtension>
        <gpxx:DisplayMode>SymbolAndName</gpxx:DisplayMode>
      </gpxx:WaypointExtension>
      <wptx1:WaypointExtension>
        <wptx1:DisplayMode>SymbolAndName</wptx1:DisplayMode>
      </wptx1:WaypointExtension>
      <ctx:CreationTimeExtension>
        <ctx:CreationTime>2020-11-08T10:28:09Z</ctx:CreationTime>
      </ctx:CreationTimeExtension>
    </extensions>
  </wpt>

  <wpt lat="56.544922040775418" lon="-4.220859976485372">
    <ele>1214</ele>
    <time>2020-11-08T10:28:09Z</time>
    <name>Ben Lawers</name>
    <cmt>Ben Lawers</cmt>
    <desc>Ben Lawers</desc>
    <sym>Triangle, Red</sym>
    <type>user</type>
    <extensions>
      <gpxx:WaypointExtension>
        <gpxx:DisplayMode>SymbolAndName</gpxx:DisplayMode>
      </gpxx:WaypointExtension>
      <wptx1:WaypointExtension>
        <wptx1:DisplayMode>SymbolAndName</wptx1:DisplayMode>
      </wptx1:WaypointExtension>
      <ctx:CreationTimeExtension>
        <ctx:CreationTime>2020-11-08T10:28:09Z</ctx:CreationTime>
      </ctx:CreationTimeExtension>
    </extensions>
  </wpt>

  <wpt lat="56.190283969044685" lon="-4.63300796225667">
    <ele>974</ele>
    <time>2020-11-08T10:28:09Z</time>
    <name>Ben Lomond</name>
    <cmt>Ben Lomond</cmt>
    <desc>Ben Lomond</desc>
    <sym>Triangle, Red</sym>
    <type>user</type>
    <extensions>
      <gpxx:WaypointExtension>
        <gpxx:DisplayMode>SymbolAndName</gpxx:DisplayMode>
      </gpxx:WaypointExtension>
      <wptx1:WaypointExtension>
        <wptx1:DisplayMode>SymbolAndName</wptx1:DisplayMode>
      </wptx1:WaypointExtension>
      <ctx:CreationTimeExtension>
        <ctx:CreationTime>2020-11-08T10:28:09Z</ctx:CreationTime>
      </ctx:CreationTimeExtension>
    </extensions>
  </wpt>

  <wpt lat="56.397012965753675" lon="-4.810510016977787">
    <ele>1130</ele>
    <time>2020-11-08T10:28:09Z</time>
    <name>Ben Lui (Beinn Laoigh)</name>
    <cmt>Ben Lui (Beinn Laoigh)</cmt>
    <desc>Ben Lui (Beinn Laoigh)</desc>
    <sym>Triangle, Red</sym>
    <type>user</type>
    <extensions>
      <gpxx:WaypointExtension>
        <gpxx:DisplayMode>SymbolAndName</gpxx:DisplayMode>
      </gpxx:WaypointExtension>
      <wptx1:WaypointExtension>
        <wptx1:DisplayMode>SymbolAndName</wptx1:DisplayMode>
      </wptx1:WaypointExtension>
      <ctx:CreationTimeExtension>
        <ctx:CreationTime>2020-11-08T10:28:09Z</ctx:CreationTime>
      </ctx:CreationTimeExtension>
    </extensions>
  </wpt>

  <wpt lat="57.070367960259318" lon="-3.669098988175392">
    <ele>1309</ele>
    <time>2020-10-20T15:52:10Z</time>
    <name>Ben Macdui (Beinn Macduibh)</name>
    <cmt>Ben Macdui (Beinn Macduibh)</cmt>
    <desc>Ben Macdui (Beinn Macduibh)</desc>
    <sym>Triangle, Red</sym>
    <type>user</type>
    <extensions>
      <gpxx:WaypointExtension>
        <gpxx:DisplayMode>SymbolAndName</gpxx:DisplayMode>
      </gpxx:WaypointExtension>
      <wptx1:WaypointExtension>
        <wptx1:DisplayMode>SymbolAndName</wptx1:DisplayMode>
      </wptx1:WaypointExtension>
      <ctx:CreationTimeExtension>
        <ctx:CreationTime>2020-10-20T15:52:10Z</ctx:CreationTime>
      </ctx:CreationTimeExtension>
    </extensions>
  </wpt>

  <wpt lat="56.385952038690448" lon="-4.54010303132236">
    <ele>1174</ele>
    <time>2020-11-08T10:28:09Z</time>
    <name>Ben More</name>
    <cmt>Ben More</cmt>
    <desc>Ben More</desc>
    <sym>Triangle, Red</sym>
    <type>user</type>
    <extensions>
      <gpxx:WaypointExtension>
        <gpxx:DisplayMode>SymbolAndName</gpxx:DisplayMode>
      </gpxx:WaypointExtension>
      <wptx1:WaypointExtension>
        <wptx1:DisplayMode>SymbolAndName</wptx1:DisplayMode>
      </wptx1:WaypointExtension>
      <ctx:CreationTimeExtension>
        <ctx:CreationTime>2020-11-08T10:28:09Z</ctx:CreationTime>
      </ctx:CreationTimeExtension>
    </extensions>
  </wpt>

  <wpt lat="58.138172971084714" lon="-4.858208997175098">
    <ele>998</ele>
    <time>2020-11-08T10:28:09Z</time>
    <name>Ben More Assynt</name>
    <cmt>Ben More Assynt</cmt>
    <desc>Ben More Assynt</desc>
    <sym>Triangle, Red</sym>
    <type>user</type>
    <extensions>
      <gpxx:WaypointExtension>
        <gpxx:DisplayMode>SymbolAndName</gpxx:DisplayMode>
      </gpxx:WaypointExtension>
      <wptx1:WaypointExtension>
        <wptx1:DisplayMode>SymbolAndName</wptx1:DisplayMode>
      </wptx1:WaypointExtension>
      <ctx:CreationTimeExtension>
        <ctx:CreationTime>2020-11-08T10:28:09Z</ctx:CreationTime>
      </ctx:CreationTimeExtension>
    </extensions>
  </wpt>

  <wpt lat="56.424828981980681" lon="-6.014015022665262">
    <ele>966</ele>
    <time>2020-11-08T10:28:09Z</time>
    <name>Ben More1</name>
    <cmt>Ben More</cmt>
    <desc>Ben More</desc>
    <sym>Triangle, Red</sym>
    <type>user</type>
    <extensions>
      <gpxx:WaypointExtension>
        <gpxx:DisplayMode>SymbolAndName</gpxx:DisplayMode>
      </gpxx:WaypointExtension>
      <wptx1:WaypointExtension>
        <wptx1:DisplayMode>SymbolAndName</wptx1:DisplayMode>
      </wptx1:WaypointExtension>
      <ctx:CreationTimeExtension>
        <ctx:CreationTime>2020-11-08T10:28:09Z</ctx:CreationTime>
      </ctx:CreationTimeExtension>
    </extensions>
  </wpt>

  <wpt lat="56.796849025413394" lon="-5.003524962812662">
    <ele>1344</ele>
    <time>2020-11-08T10:28:09Z</time>
    <name>Ben Nevis</name>
    <cmt>Ben Nevis</cmt>
    <desc>Ben Nevis</desc>
    <sym>Triangle, Red</sym>
    <type>user</type>
    <extensions>
      <gpxx:WaypointExtension>
        <gpxx:DisplayMode>SymbolAndName</gpxx:DisplayMode>
      </gpxx:WaypointExtension>
      <wptx1:WaypointExtension>
        <wptx1:DisplayMode>SymbolAndName</wptx1:DisplayMode>
      </wptx1:WaypointExtension>
      <ctx:CreationTimeExtension>
        <ctx:CreationTime>2020-11-08T10:28:09Z</ctx:CreationTime>
      </ctx:CreationTimeExtension>
    </extensions>
  </wpt>

  <wpt lat="56.389262974262238" lon="-4.775487994775176">
    <ele>1029</ele>
    <time>2020-11-08T10:28:09Z</time>
    <name>Ben Oss</name>
    <cmt>Ben Oss</cmt>
    <desc>Ben Oss</desc>
    <sym>Triangle, Red</sym>
    <type>user</type>
    <extensions>
      <gpxx:WaypointExtension>
        <gpxx:DisplayMode>SymbolAndName</gpxx:DisplayMode>
      </gpxx:WaypointExtension>
      <wptx1:WaypointExtension>
        <wptx1:DisplayMode>SymbolAndName</wptx1:DisplayMode>
      </wptx1:WaypointExtension>
      <ctx:CreationTimeExtension>
        <ctx:CreationTime>2020-11-08T10:28:09Z</ctx:CreationTime>
      </ctx:CreationTimeExtension>
    </extensions>
  </wpt>

  <wpt lat="56.538939038291574" lon="-5.04979801364243">
    <ele>1078</ele>
    <time>2020-11-08T10:28:09Z</time>
    <name>Ben Starav</name>
    <cmt>Ben Starav</cmt>
    <desc>Ben Starav</desc>
    <sym>Triangle, Red</sym>
    <type>user</type>
    <extensions>
      <gpxx:WaypointExtension>
        <gpxx:DisplayMode>SymbolAndName</gpxx:DisplayMode>
      </gpxx:WaypointExtension>
      <wptx1:WaypointExtension>
        <wptx1:DisplayMode>SymbolAndName</wptx1:DisplayMode>
      </wptx1:WaypointExtension>
      <ctx:CreationTimeExtension>
        <ctx:CreationTime>2020-11-08T10:28:09Z</ctx:CreationTime>
      </ctx:CreationTimeExtension>
    </extensions>
  </wpt>

  <wpt lat="56.249777041375637" lon="-4.781637964770198">
    <ele>915.79999999999995</ele>
    <time>2020-11-08T10:28:09Z</time>
    <name>Ben Vane</name>
    <cmt>Ben Vane</cmt>
    <desc>Ben Vane</desc>
    <sym>Triangle, Red</sym>
    <type>user</type>
    <extensions>
      <gpxx:WaypointExtension>
        <gpxx:DisplayMode>SymbolAndName</gpxx:DisplayMode>
      </gpxx:WaypointExtension>
      <wptx1:WaypointExtension>
        <wptx1:DisplayMode>SymbolAndName</wptx1:DisplayMode>
      </wptx1:WaypointExtension>
      <ctx:CreationTimeExtension>
        <ctx:CreationTime>2020-11-08T10:28:09Z</ctx:CreationTime>
      </ctx:CreationTimeExtension>
    </extensions>
  </wpt>

  <wpt lat="56.342670992016792" lon="-4.219462964683771">
    <ele>985</ele>
    <time>2020-11-08T10:28:09Z</time>
    <name>Ben Vorlich</name>
    <cmt>Ben Vorlich</cmt>
    <desc>Ben Vorlich</desc>
    <sym>Triangle, Red</sym>
    <type>user</type>
    <extensions>
      <gpxx:WaypointExtension>
        <gpxx:DisplayMode>SymbolAndName</gpxx:DisplayMode>
      </gpxx:WaypointExtension>
      <wptx1:WaypointExtension>
        <wptx1:DisplayMode>SymbolAndName</wptx1:DisplayMode>
      </wptx1:WaypointExtension>
      <ctx:CreationTimeExtension>
        <ctx:CreationTime>2020-11-08T10:28:09Z</ctx:CreationTime>
      </ctx:CreationTimeExtension>
    </extensions>
  </wpt>

  <wpt lat="56.274029994383454" lon="-4.755046963691711">
    <ele>943</ele>
    <time>2020-11-08T10:28:09Z</time>
    <name>Ben Vorlich1</name>
    <cmt>Ben Vorlich</cmt>
    <desc>Ben Vorlich</desc>
    <sym>Triangle, Red</sym>
    <type>user</type>
    <extensions>
      <gpxx:WaypointExtension>
        <gpxx:DisplayMode>SymbolAndName</gpxx:DisplayMode>
      </gpxx:WaypointExtension>
      <wptx1:WaypointExtension>
        <wptx1:DisplayMode>SymbolAndName</wptx1:DisplayMode>
      </wptx1:WaypointExtension>
      <ctx:CreationTimeExtension>
        <ctx:CreationTime>2020-11-08T10:28:09Z</ctx:CreationTime>
      </ctx:CreationTimeExtension>
    </extensions>
  </wpt>

  <wpt lat="57.678894968703389" lon="-4.579281974583864">
    <ele>1046</ele>
    <time>2020-11-08T10:28:09Z</time>
    <name>Ben Wyvis-Glas Leathad Mor</name>
    <cmt>Ben Wyvis-Glas Leathad Mor</cmt>
    <desc>Ben Wyvis-Glas Leathad Mor</desc>
    <sym>Triangle, Red</sym>
    <type>user</type>
    <extensions>
      <gpxx:WaypointExtension>
        <gpxx:DisplayMode>SymbolAndName</gpxx:DisplayMode>
      </gpxx:WaypointExtension>
      <wptx1:WaypointExtension>
        <wptx1:DisplayMode>SymbolAndName</wptx1:DisplayMode>
      </wptx1:WaypointExtension>
      <ctx:CreationTimeExtension>
        <ctx:CreationTime>2020-11-08T10:28:09Z</ctx:CreationTime>
      </ctx:CreationTimeExtension>
    </extensions>
  </wpt>

  <wpt lat="56.642768019810319" lon="-5.029335021972656">
    <ele>1149.4000000000001</ele>
    <time>2020-11-08T10:28:09Z</time>
    <name>Bidean nam Bian</name>
    <cmt>Bidean nam Bian</cmt>
    <desc>Bidean nam Bian</desc>
    <sym>Triangle, Red</sym>
    <type>user</type>
    <extensions>
      <gpxx:WaypointExtension>
        <gpxx:DisplayMode>SymbolAndName</gpxx:DisplayMode>
      </gpxx:WaypointExtension>
      <wptx1:WaypointExtension>
        <wptx1:DisplayMode>SymbolAndName</wptx1:DisplayMode>
      </wptx1:WaypointExtension>
      <ctx:CreationTimeExtension>
        <ctx:CreationTime>2020-11-08T10:28:09Z</ctx:CreationTime>
      </ctx:CreationTimeExtension>
    </extensions>
  </wpt>

  <wpt lat="57.419717973098159" lon="-5.250473013147712">
    <ele>945</ele>
    <time>2020-11-08T10:28:09Z</time>
    <name>Bidein a'Choire Sheasgaich</name>
    <cmt>Bidein a'Choire Sheasgaich</cmt>
    <desc>Bidein a'Choire Sheasgaich</desc>
    <sym>Triangle, Red</sym>
    <type>user</type>
    <extensions>
      <gpxx:WaypointExtension>
        <gpxx:DisplayMode>SymbolAndName</gpxx:DisplayMode>
      </gpxx:WaypointExtension>
      <wptx1:WaypointExtension>
        <wptx1:DisplayMode>SymbolAndName</wptx1:DisplayMode>
      </wptx1:WaypointExtension>
      <ctx:CreationTimeExtension>
        <ctx:CreationTime>2020-11-08T10:28:09Z</ctx:CreationTime>
      </ctx:CreationTimeExtension>
    </extensions>
  </wpt>

  <wpt lat="56.766990004107356" lon="-4.911065027117729">
    <ele>943</ele>
    <time>2020-11-08T10:28:09Z</time>
    <name>Binnein Beag</name>
    <cmt>Binnein Beag</cmt>
    <desc>Binnein Beag</desc>
    <sym>Triangle, Red</sym>
    <type>user</type>
    <extensions>
      <gpxx:WaypointExtension>
        <gpxx:DisplayMode>SymbolAndName</gpxx:DisplayMode>
      </gpxx:WaypointExtension>
      <wptx1:WaypointExtension>
        <wptx1:DisplayMode>SymbolAndName</wptx1:DisplayMode>
      </wptx1:WaypointExtension>
      <ctx:CreationTimeExtension>
        <ctx:CreationTime>2020-11-08T10:28:09Z</ctx:CreationTime>
      </ctx:CreationTimeExtension>
    </extensions>
  </wpt>

  <wpt lat="56.754357973113656" lon="-4.925794964656234">
    <ele>1130</ele>
    <time>2020-11-08T10:28:09Z</time>
    <name>Binnein Mor</name>
    <cmt>Binnein Mor</cmt>
    <desc>Binnein Mor</desc>
    <sym>Triangle, Red</sym>
    <type>user</type>
    <extensions>
      <gpxx:WaypointExtension>
        <gpxx:DisplayMode>SymbolAndName</gpxx:DisplayMode>
      </gpxx:WaypointExtension>
      <wptx1:WaypointExtension>
        <wptx1:DisplayMode>SymbolAndName</wptx1:DisplayMode>
      </wptx1:WaypointExtension>
      <ctx:CreationTimeExtension>
        <ctx:CreationTime>2020-11-08T10:28:09Z</ctx:CreationTime>
      </ctx:CreationTimeExtension>
    </extensions>
  </wpt>

  <wpt lat="57.219564998522401" lon="-6.093210009858012">
    <ele>929</ele>
    <time>2020-11-08T10:28:09Z</time>
    <name>Bla Bheinn (Blabheinn) (Blaven)</name>
    <cmt>Bla Bheinn (Blabheinn) (Blaven)</cmt>
    <desc>Bla Bheinn (Blabheinn) (Blaven)</desc>
    <sym>Triangle, Red</sym>
    <type>user</type>
    <extensions>
      <gpxx:WaypointExtension>
        <gpxx:DisplayMode>SymbolAndName</gpxx:DisplayMode>
      </gpxx:WaypointExtension>
      <wptx1:WaypointExtension>
        <wptx1:DisplayMode>SymbolAndName</wptx1:DisplayMode>
      </wptx1:WaypointExtension>
      <ctx:CreationTimeExtension>
        <ctx:CreationTime>2020-11-08T10:28:09Z</ctx:CreationTime>
      </ctx:CreationTimeExtension>
    </extensions>
  </wpt>

  <wpt lat="57.078296989202499" lon="-3.728405982255936">
    <ele>1296</ele>
    <time>2020-11-08T10:28:09Z</time>
    <name>Braeriach1</name>
    <cmt>Braeriach</cmt>
    <desc>Braeriach</desc>
    <sym>Triangle, Red</sym>
    <type>user</type>
    <extensions>
      <gpxx:WaypointExtension>
        <gpxx:DisplayMode>SymbolAndName</gpxx:DisplayMode>
      </gpxx:WaypointExtension>
      <wptx1:WaypointExtension>
        <wptx1:DisplayMode>SymbolAndName</wptx1:DisplayMode>
      </wptx1:WaypointExtension>
      <ctx:CreationTimeExtension>
        <ctx:CreationTime>2020-11-08T10:28:09Z</ctx:CreationTime>
      </ctx:CreationTimeExtension>
    </extensions>
  </wpt>

  <wpt lat="56.91915700212121" lon="-3.249065978452563">
    <ele>998</ele>
    <time>2020-11-08T10:28:09Z</time>
    <name>Broad Cairn</name>
    <cmt>Broad Cairn</cmt>
    <desc>Broad Cairn</desc>
    <sym>Triangle, Red</sym>
    <type>user</type>
    <extensions>
      <gpxx:WaypointExtension>
        <gpxx:DisplayMode>SymbolAndName</gpxx:DisplayMode>
      </gpxx:WaypointExtension>
      <wptx1:WaypointExtension>
        <wptx1:DisplayMode>SymbolAndName</wptx1:DisplayMode>
      </wptx1:WaypointExtension>
      <ctx:CreationTimeExtension>
        <ctx:CreationTime>2020-11-08T10:28:09Z</ctx:CreationTime>
      </ctx:CreationTimeExtension>
    </extensions>
  </wpt>

  <wpt lat="57.246769974008203" lon="-6.210796041414142">
    <ele>958</ele>
    <time>2020-11-08T10:28:09Z</time>
    <name>Bruach na Frithe</name>
    <cmt>Bruach na Frithe</cmt>
    <desc>Bruach na Frithe</desc>
    <sym>Triangle, Red</sym>
    <type>user</type>
    <extensions>
      <gpxx:WaypointExtension>
        <gpxx:DisplayMode>SymbolAndName</gpxx:DisplayMode>
      </gpxx:WaypointExtension>
      <wptx1:WaypointExtension>
        <wptx1:DisplayMode>SymbolAndName</wptx1:DisplayMode>
      </wptx1:WaypointExtension>
      <ctx:CreationTimeExtension>
        <ctx:CreationTime>2020-11-08T10:28:09Z</ctx:CreationTime>
      </ctx:CreationTimeExtension>
    </extensions>
  </wpt>

  <wpt lat="56.649947036057711" lon="-4.951703008264303">
    <ele>925</ele>
    <time>2020-11-08T10:28:09Z</time>
    <name>Buachaille Etive Beag-Stob Coire Raineach</name>
    <cmt>Buachaille Etive Beag-Stob Coire Raineach</cmt>
    <desc>Buachaille Etive Beag-Stob Coire Raineach</desc>
    <sym>Triangle, Red</sym>
    <type>user</type>
    <extensions>
      <gpxx:WaypointExtension>
        <gpxx:DisplayMode>SymbolAndName</gpxx:DisplayMode>
      </gpxx:WaypointExtension>
      <wptx1:WaypointExtension>
        <wptx1:DisplayMode>SymbolAndName</wptx1:DisplayMode>
      </wptx1:WaypointExtension>
      <ctx:CreationTimeExtension>
        <ctx:CreationTime>2020-11-08T10:28:09Z</ctx:CreationTime>
      </ctx:CreationTimeExtension>
    </extensions>
  </wpt>

  <wpt lat="56.638150010257959" lon="-4.970746021717787">
    <ele>958</ele>
    <time>2020-11-08T10:28:09Z</time>
    <name>Buachaille Etive Beag-Stob Dubh</name>
    <cmt>Buachaille Etive Beag-Stob Dubh</cmt>
    <desc>Buachaille Etive Beag-Stob Dubh</desc>
    <sym>Triangle, Red</sym>
    <type>user</type>
    <extensions>
      <gpxx:WaypointExtension>
        <gpxx:DisplayMode>SymbolAndName</gpxx:DisplayMode>
      </gpxx:WaypointExtension>
      <wptx1:WaypointExtension>
        <wptx1:DisplayMode>SymbolAndName</wptx1:DisplayMode>
      </wptx1:WaypointExtension>
      <ctx:CreationTimeExtension>
        <ctx:CreationTime>2020-11-08T10:28:09Z</ctx:CreationTime>
      </ctx:CreationTimeExtension>
    </extensions>
  </wpt>

  <wpt lat="56.646228991448879" lon="-4.900336023420095">
    <ele>1021.4</ele>
    <time>2020-11-08T10:28:09Z</time>
    <name>Buachaille Etive Mor-Stob Dearg</name>
    <cmt>Buachaille Etive Mor-Stob Dearg</cmt>
    <desc>Buachaille Etive Mor-Stob Dearg</desc>
    <sym>Triangle, Red</sym>
    <type>user</type>
    <extensions>
      <gpxx:WaypointExtension>
        <gpxx:DisplayMode>SymbolAndName</gpxx:DisplayMode>
      </gpxx:WaypointExtension>
      <wptx1:WaypointExtension>
        <wptx1:DisplayMode>SymbolAndName</wptx1:DisplayMode>
      </wptx1:WaypointExtension>
      <ctx:CreationTimeExtension>
        <ctx:CreationTime>2020-11-08T10:28:09Z</ctx:CreationTime>
      </ctx:CreationTimeExtension>
    </extensions>
  </wpt>

  <wpt lat="56.62988000549376" lon="-4.951150976121426">
    <ele>953.39999999999998</ele>
    <time>2020-11-08T10:28:09Z</time>
    <name>Buachaille Etive Mor-Stob na Broige</name>
    <cmt>Buachaille Etive Mor-Stob na Broige</cmt>
    <desc>Buachaille Etive Mor-Stob na Broige</desc>
    <sym>Triangle, Red</sym>
    <type>user</type>
    <extensions>
      <gpxx:WaypointExtension>
        <gpxx:DisplayMode>SymbolAndName</gpxx:DisplayMode>
      </gpxx:WaypointExtension>
      <wptx1:WaypointExtension>
        <wptx1:DisplayMode>SymbolAndName</wptx1:DisplayMode>
      </wptx1:WaypointExtension>
      <ctx:CreationTimeExtension>
        <ctx:CreationTime>2020-11-08T10:28:09Z</ctx:CreationTime>
      </ctx:CreationTimeExtension>
    </extensions>
  </wpt>

  <wpt lat="57.137832976877689" lon="-3.584716022014618">
    <ele>1090</ele>
    <time>2020-11-08T10:28:09Z</time>
    <name>Bynack More1</name>
    <cmt>Bynack More</cmt>
    <desc>Bynack More</desc>
    <sym>Triangle, Red</sym>
    <type>user</type>
    <extensions>
      <gpxx:WaypointExtension>
        <gpxx:DisplayMode>SymbolAndName</gpxx:DisplayMode>
      </gpxx:WaypointExtension>
      <wptx1:WaypointExtension>
        <wptx1:DisplayMode>SymbolAndName</wptx1:DisplayMode>
      </wptx1:WaypointExtension>
      <ctx:CreationTimeExtension>
        <ctx:CreationTime>2020-11-08T10:28:09Z</ctx:CreationTime>
      </ctx:CreationTimeExtension>
    </extensions>
  </wpt>

  <wpt lat="56.927719032391906" lon="-3.278434993699193">
    <ele>1012</ele>
    <time>2020-11-08T10:28:09Z</time>
    <name>Cairn Bannoch</name>
    <cmt>Cairn Bannoch</cmt>
    <desc>Cairn Bannoch</desc>
    <sym>Triangle, Red</sym>
    <type>user</type>
    <extensions>
      <gpxx:WaypointExtension>
        <gpxx:DisplayMode>SymbolAndName</gpxx:DisplayMode>
      </gpxx:WaypointExtension>
      <wptx1:WaypointExtension>
        <wptx1:DisplayMode>SymbolAndName</wptx1:DisplayMode>
      </wptx1:WaypointExtension>
      <ctx:CreationTimeExtension>
        <ctx:CreationTime>2020-11-08T10:28:09Z</ctx:CreationTime>
      </ctx:CreationTimeExtension>
    </extensions>
  </wpt>

  <wpt lat="57.116714017465711" lon="-3.644476979970932">
    <ele>1244.8</ele>
    <time>2020-10-20T15:52:10Z</time>
    <name>Cairn Gorm</name>
    <cmt>Cairn Gorm</cmt>
    <desc>Cairn Gorm</desc>
    <sym>Triangle, Red</sym>
    <type>user</type>
    <extensions>
      <gpxx:WaypointExtension>
        <gpxx:DisplayMode>SymbolAndName</gpxx:DisplayMode>
      </gpxx:WaypointExtension>
      <wptx1:WaypointExtension>
        <wptx1:DisplayMode>SymbolAndName</wptx1:DisplayMode>
      </wptx1:WaypointExtension>
      <ctx:CreationTimeExtension>
        <ctx:CreationTime>2020-10-20T15:52:10Z</ctx:CreationTime>
      </ctx:CreationTimeExtension>
    </extensions>
  </wpt>

  <wpt lat="56.894178008660674" lon="-3.338654022663832">
    <ele>1064</ele>
    <time>2020-11-08T10:28:09Z</time>
    <name>Cairn of Claise</name>
    <cmt>Cairn of Claise</cmt>
    <desc>Cairn of Claise</desc>
    <sym>Triangle, Red</sym>
    <type>user</type>
    <extensions>
      <gpxx:WaypointExtension>
        <gpxx:DisplayMode>SymbolAndName</gpxx:DisplayMode>
      </gpxx:WaypointExtension>
      <wptx1:WaypointExtension>
        <wptx1:DisplayMode>SymbolAndName</wptx1:DisplayMode>
      </wptx1:WaypointExtension>
      <ctx:CreationTimeExtension>
        <ctx:CreationTime>2020-11-08T10:28:09Z</ctx:CreationTime>
      </ctx:CreationTimeExtension>
    </extensions>
  </wpt>

  <wpt lat="57.054405966773629" lon="-3.710773978382349">
    <ele>1291</ele>
    <time>2020-10-20T15:52:10Z</time>
    <name>Cairn Toul</name>
    <cmt>Cairn Toul</cmt>
    <desc>Cairn Toul</desc>
    <sym>Triangle, Red</sym>
    <type>user</type>
    <extensions>
      <gpxx:WaypointExtension>
        <gpxx:DisplayMode>SymbolAndName</gpxx:DisplayMode>
      </gpxx:WaypointExtension>
      <wptx1:WaypointExtension>
        <wptx1:DisplayMode>SymbolAndName</wptx1:DisplayMode>
      </wptx1:WaypointExtension>
      <ctx:CreationTimeExtension>
        <ctx:CreationTime>2020-10-20T15:52:10Z</ctx:CreationTime>
      </ctx:CreationTimeExtension>
    </extensions>
  </wpt>

  <wpt lat="56.860967986285686" lon="-3.779628966003656">
    <ele>963.5</ele>
    <time>2020-11-08T10:28:09Z</time>
    <name>Carn a'Chlamain</name>
    <cmt>Carn a'Chlamain</cmt>
    <desc>Carn a'Chlamain</desc>
    <sym>Triangle, Red</sym>
    <type>user</type>
    <extensions>
      <gpxx:WaypointExtension>
        <gpxx:DisplayMode>SymbolAndName</gpxx:DisplayMode>
      </gpxx:WaypointExtension>
      <wptx1:WaypointExtension>
        <wptx1:DisplayMode>SymbolAndName</wptx1:DisplayMode>
      </wptx1:WaypointExtension>
      <ctx:CreationTimeExtension>
        <ctx:CreationTime>2020-11-08T10:28:09Z</ctx:CreationTime>
      </ctx:CreationTimeExtension>
    </extensions>
  </wpt>

  <wpt lat="56.945772981271148" lon="-3.272706968709827">
    <ele>1109.9000000000001</ele>
    <time>2020-11-08T10:28:09Z</time>
    <name>Carn a'Choire Bhoidheach</name>
    <cmt>Carn a'Choire Bhoidheach</cmt>
    <desc>Carn a'Choire Bhoidheach</desc>
    <sym>Triangle, Red</sym>
    <type>user</type>
    <extensions>
      <gpxx:WaypointExtension>
        <gpxx:DisplayMode>SymbolAndName</gpxx:DisplayMode>
      </gpxx:WaypointExtension>
      <wptx1:WaypointExtension>
        <wptx1:DisplayMode>SymbolAndName</wptx1:DisplayMode>
      </wptx1:WaypointExtension>
      <ctx:CreationTimeExtension>
        <ctx:CreationTime>2020-11-08T10:28:09Z</ctx:CreationTime>
      </ctx:CreationTimeExtension>
    </extensions>
  </wpt>

  <wpt lat="56.873073969036341" lon="-3.46661701798439">
    <ele>975</ele>
    <time>2020-11-08T10:28:09Z</time>
    <name>Carn a'Gheoidh</name>
    <cmt>Carn a'Gheoidh</cmt>
    <desc>Carn a'Gheoidh</desc>
    <sym>Triangle, Red</sym>
    <type>user</type>
    <extensions>
      <gpxx:WaypointExtension>
        <gpxx:DisplayMode>SymbolAndName</gpxx:DisplayMode>
      </gpxx:WaypointExtension>
      <wptx1:WaypointExtension>
        <wptx1:DisplayMode>SymbolAndName</wptx1:DisplayMode>
      </wptx1:WaypointExtension>
      <ctx:CreationTimeExtension>
        <ctx:CreationTime>2020-11-08T10:28:09Z</ctx:CreationTime>
      </ctx:CreationTimeExtension>
    </extensions>
  </wpt>

  <wpt lat="57.036871025338769" lon="-3.658399991691113">
    <ele>1037</ele>
    <time>2020-11-08T10:28:09Z</time>
    <name>Carn a'Mhaim</name>
    <cmt>Carn a'Mhaim</cmt>
    <desc>Carn a'Mhaim</desc>
    <sym>Triangle, Red</sym>
    <type>user</type>
    <extensions>
      <gpxx:WaypointExtension>
        <gpxx:DisplayMode>SymbolAndName</gpxx:DisplayMode>
      </gpxx:WaypointExtension>
      <wptx1:WaypointExtension>
        <wptx1:DisplayMode>SymbolAndName</wptx1:DisplayMode>
      </wptx1:WaypointExtension>
      <ctx:CreationTimeExtension>
        <ctx:CreationTime>2020-11-08T10:28:09Z</ctx:CreationTime>
      </ctx:CreationTimeExtension>
    </extensions>
  </wpt>

  <wpt lat="56.935918964445591" lon="-3.801660966128111">
    <ele>994</ele>
    <time>2020-11-08T10:28:09Z</time>
    <name>Carn an Fhidhleir (Carn Ealar)</name>
    <cmt>Carn an Fhidhleir (Carn Ealar)</cmt>
    <desc>Carn an Fhidhleir (Carn Ealar)</desc>
    <sym>Triangle, Red</sym>
    <type>user</type>
    <extensions>
      <gpxx:WaypointExtension>
        <gpxx:DisplayMode>SymbolAndName</gpxx:DisplayMode>
      </gpxx:WaypointExtension>
      <wptx1:WaypointExtension>
        <wptx1:DisplayMode>SymbolAndName</wptx1:DisplayMode>
      </wptx1:WaypointExtension>
      <ctx:CreationTimeExtension>
        <ctx:CreationTime>2020-11-08T10:28:09Z</ctx:CreationTime>
      </ctx:CreationTimeExtension>
    </extensions>
  </wpt>

  <wpt lat="56.876565031707287" lon="-3.595272023230791">
    <ele>1029</ele>
    <time>2020-11-08T10:28:09Z</time>
    <name>Carn an Righ</name>
    <cmt>Carn an Righ</cmt>
    <desc>Carn an Righ</desc>
    <sym>Triangle, Red</sym>
    <type>user</type>
    <extensions>
      <gpxx:WaypointExtension>
        <gpxx:DisplayMode>SymbolAndName</gpxx:DisplayMode>
      </gpxx:WaypointExtension>
      <wptx1:WaypointExtension>
        <wptx1:DisplayMode>SymbolAndName</wptx1:DisplayMode>
      </wptx1:WaypointExtension>
      <ctx:CreationTimeExtension>
        <ctx:CreationTime>2020-11-08T10:28:09Z</ctx:CreationTime>
      </ctx:CreationTimeExtension>
    </extensions>
  </wpt>

  <wpt lat="56.942973006516695" lon="-3.303226986899972">
    <ele>1047</ele>
    <time>2020-11-08T10:28:09Z</time>
    <name>Carn an t-Sagairt Mor</name>
    <cmt>Carn an t-Sagairt Mor</cmt>
    <desc>Carn an t-Sagairt Mor</desc>
    <sym>Triangle, Red</sym>
    <type>user</type>
    <extensions>
      <gpxx:WaypointExtension>
        <gpxx:DisplayMode>SymbolAndName</gpxx:DisplayMode>
      </gpxx:WaypointExtension>
      <wptx1:WaypointExtension>
        <wptx1:DisplayMode>SymbolAndName</wptx1:DisplayMode>
      </wptx1:WaypointExtension>
      <ctx:CreationTimeExtension>
        <ctx:CreationTime>2020-11-08T10:28:09Z</ctx:CreationTime>
      </ctx:CreationTimeExtension>
    </extensions>
  </wpt>

  <wpt lat="56.908282991498709" lon="-3.357124971225858">
    <ele>1019</ele>
    <time>2020-11-08T10:28:09Z</time>
    <name>Carn an Tuirc</name>
    <cmt>Carn an Tuirc</cmt>
    <desc>Carn an Tuirc</desc>
    <sym>Triangle, Red</sym>
    <type>user</type>
    <extensions>
      <gpxx:WaypointExtension>
        <gpxx:DisplayMode>SymbolAndName</gpxx:DisplayMode>
      </gpxx:WaypointExtension>
      <wptx1:WaypointExtension>
        <wptx1:DisplayMode>SymbolAndName</wptx1:DisplayMode>
      </wptx1:WaypointExtension>
      <ctx:CreationTimeExtension>
        <ctx:CreationTime>2020-11-08T10:28:09Z</ctx:CreationTime>
      </ctx:CreationTimeExtension>
    </extensions>
  </wpt>

  <wpt lat="56.89569597132504" lon="-3.423274029046297">
    <ele>915.29999999999995</ele>
    <time>2020-11-08T10:28:09Z</time>
    <name>Carn Aosda</name>
    <cmt>Carn Aosda</cmt>
    <desc>Carn Aosda</desc>
    <sym>Triangle, Red</sym>
    <type>user</type>
    <extensions>
      <gpxx:WaypointExtension>
        <gpxx:DisplayMode>SymbolAndName</gpxx:DisplayMode>
      </gpxx:WaypointExtension>
      <wptx1:WaypointExtension>
        <wptx1:DisplayMode>SymbolAndName</wptx1:DisplayMode>
      </wptx1:WaypointExtension>
      <ctx:CreationTimeExtension>
        <ctx:CreationTime>2020-11-08T10:28:09Z</ctx:CreationTime>
      </ctx:CreationTimeExtension>
    </extensions>
  </wpt>

  <wpt lat="56.930540967732668" lon="-3.560879984870553">
    <ele>944.20000000000005</ele>
    <time>2020-11-08T10:28:09Z</time>
    <name>Carn Bhac</name>
    <cmt>Carn Bhac</cmt>
    <desc>Carn Bhac</desc>
    <sym>Triangle, Red</sym>
    <type>user</type>
    <extensions>
      <gpxx:WaypointExtension>
        <gpxx:DisplayMode>SymbolAndName</gpxx:DisplayMode>
      </gpxx:WaypointExtension>
      <wptx1:WaypointExtension>
        <wptx1:DisplayMode>SymbolAndName</wptx1:DisplayMode>
      </wptx1:WaypointExtension>
      <ctx:CreationTimeExtension>
        <ctx:CreationTime>2020-11-08T10:28:09Z</ctx:CreationTime>
      </ctx:CreationTimeExtension>
    </extensions>
  </wpt>

  <wpt lat="56.855240967124701" lon="-4.454709040001035">
    <ele>1034</ele>
    <time>2020-11-08T10:28:09Z</time>
    <name>Carn Dearg</name>
    <cmt>Carn Dearg</cmt>
    <desc>Carn Dearg</desc>
    <sym>Triangle, Red</sym>
    <type>user</type>
    <extensions>
      <gpxx:WaypointExtension>
        <gpxx:DisplayMode>SymbolAndName</gpxx:DisplayMode>
      </gpxx:WaypointExtension>
      <wptx1:WaypointExtension>
        <wptx1:DisplayMode>SymbolAndName</wptx1:DisplayMode>
      </wptx1:WaypointExtension>
      <ctx:CreationTimeExtension>
        <ctx:CreationTime>2020-11-08T10:28:09Z</ctx:CreationTime>
      </ctx:CreationTimeExtension>
    </extensions>
  </wpt>

  <wpt lat="57.092260988429189" lon="-4.253245973959565">
    <ele>945.70000000000005</ele>
    <time>2020-11-08T10:28:09Z</time>
    <name>Carn Dearg1</name>
    <cmt>Carn Dearg</cmt>
    <desc>Carn Dearg</desc>
    <sym>Triangle, Red</sym>
    <type>user</type>
    <extensions>
      <gpxx:WaypointExtension>
        <gpxx:DisplayMode>SymbolAndName</gpxx:DisplayMode>
      </gpxx:WaypointExtension>
      <wptx1:WaypointExtension>
        <wptx1:DisplayMode>SymbolAndName</wptx1:DisplayMode>
      </wptx1:WaypointExtension>
      <ctx:CreationTimeExtension>
        <ctx:CreationTime>2020-11-08T10:28:09Z</ctx:CreationTime>
      </ctx:CreationTimeExtension>
    </extensions>
  </wpt>

  <wpt lat="56.759931016713381" lon="-4.589888015761972">
    <ele>941</ele>
    <time>2020-11-08T10:28:09Z</time>
    <name>Carn Dearg2</name>
    <cmt>Carn Dearg</cmt>
    <desc>Carn Dearg</desc>
    <sym>Triangle, Red</sym>
    <type>user</type>
    <extensions>
      <gpxx:WaypointExtension>
        <gpxx:DisplayMode>SymbolAndName</gpxx:DisplayMode>
      </gpxx:WaypointExtension>
      <wptx1:WaypointExtension>
        <wptx1:DisplayMode>SymbolAndName</wptx1:DisplayMode>
      </wptx1:WaypointExtension>
      <ctx:CreationTimeExtension>
        <ctx:CreationTime>2020-11-08T10:28:09Z</ctx:CreationTime>
      </ctx:CreationTimeExtension>
    </extensions>
  </wpt>

  <wpt lat="57.287701992318034" lon="-5.115125980228186">
    <ele>1183</ele>
    <time>2020-11-08T10:28:09Z</time>
    <name>Carn Eige (Carn Eighe)</name>
    <cmt>Carn Eige (Carn Eighe)</cmt>
    <desc>Carn Eige (Carn Eighe)</desc>
    <sym>Triangle, Red</sym>
    <type>user</type>
    <extensions>
      <gpxx:WaypointExtension>
        <gpxx:DisplayMode>SymbolAndName</gpxx:DisplayMode>
      </gpxx:WaypointExtension>
      <wptx1:WaypointExtension>
        <wptx1:DisplayMode>SymbolAndName</wptx1:DisplayMode>
      </wptx1:WaypointExtension>
      <ctx:CreationTimeExtension>
        <ctx:CreationTime>2020-11-08T10:28:09Z</ctx:CreationTime>
      </ctx:CreationTimeExtension>
    </extensions>
  </wpt>

  <wpt lat="57.165949987247586" lon="-5.068173995241523">
    <ele>957</ele>
    <time>2020-11-08T10:28:09Z</time>
    <name>Carn Ghluasaid</name>
    <cmt>Carn Ghluasaid</cmt>
    <desc>Carn Ghluasaid</desc>
    <sym>Triangle, Red</sym>
    <type>user</type>
    <extensions>
      <gpxx:WaypointExtension>
        <gpxx:DisplayMode>SymbolAndName</gpxx:DisplayMode>
      </gpxx:WaypointExtension>
      <wptx1:WaypointExtension>
        <wptx1:DisplayMode>SymbolAndName</wptx1:DisplayMode>
      </wptx1:WaypointExtension>
      <ctx:CreationTimeExtension>
        <ctx:CreationTime>2020-11-08T10:28:09Z</ctx:CreationTime>
      </ctx:CreationTimeExtension>
    </extensions>
  </wpt>

  <wpt lat="56.622519018128514" lon="-4.226051978766918">
    <ele>1029</ele>
    <time>2020-11-08T10:28:09Z</time>
    <name>Carn Gorm</name>
    <cmt>Carn Gorm</cmt>
    <desc>Carn Gorm</desc>
    <sym>Triangle, Red</sym>
    <type>user</type>
    <extensions>
      <gpxx:WaypointExtension>
        <gpxx:DisplayMode>SymbolAndName</gpxx:DisplayMode>
      </gpxx:WaypointExtension>
      <wptx1:WaypointExtension>
        <wptx1:DisplayMode>SymbolAndName</wptx1:DisplayMode>
      </wptx1:WaypointExtension>
      <ctx:CreationTimeExtension>
        <ctx:CreationTime>2020-11-08T10:28:09Z</ctx:CreationTime>
      </ctx:CreationTimeExtension>
    </extensions>
  </wpt>

  <wpt lat="56.978792985901237" lon="-4.515322018414736">
    <ele>1006</ele>
    <time>2020-11-08T10:28:09Z</time>
    <name>Carn Liath</name>
    <cmt>Carn Liath</cmt>
    <desc>Carn Liath</desc>
    <sym>Triangle, Red</sym>
    <type>user</type>
    <extensions>
      <gpxx:WaypointExtension>
        <gpxx:DisplayMode>SymbolAndName</gpxx:DisplayMode>
      </gpxx:WaypointExtension>
      <wptx1:WaypointExtension>
        <wptx1:DisplayMode>SymbolAndName</wptx1:DisplayMode>
      </wptx1:WaypointExtension>
      <ctx:CreationTimeExtension>
        <ctx:CreationTime>2020-11-08T10:28:09Z</ctx:CreationTime>
      </ctx:CreationTimeExtension>
    </extensions>
  </wpt>

  <wpt lat="56.634661965072155" lon="-4.145610015839338">
    <ele>1042</ele>
    <time>2020-11-08T10:28:09Z</time>
    <name>Carn Mairg</name>
    <cmt>Carn Mairg</cmt>
    <desc>Carn Mairg</desc>
    <sym>Triangle, Red</sym>
    <type>user</type>
    <extensions>
      <gpxx:WaypointExtension>
        <gpxx:DisplayMode>SymbolAndName</gpxx:DisplayMode>
      </gpxx:WaypointExtension>
      <wptx1:WaypointExtension>
        <wptx1:DisplayMode>SymbolAndName</wptx1:DisplayMode>
      </wptx1:WaypointExtension>
      <ctx:CreationTimeExtension>
        <ctx:CreationTime>2020-11-08T10:28:09Z</ctx:CreationTime>
      </ctx:CreationTimeExtension>
    </extensions>
  </wpt>

  <wpt lat="56.805246016010642" lon="-4.986615981906653">
    <ele>1220</ele>
    <time>2020-11-08T10:28:09Z</time>
    <name>Carn Mor Dearg</name>
    <cmt>Carn Mor Dearg</cmt>
    <desc>Carn Mor Dearg</desc>
    <sym>Triangle, Red</sym>
    <type>user</type>
    <extensions>
      <gpxx:WaypointExtension>
        <gpxx:DisplayMode>SymbolAndName</gpxx:DisplayMode>
      </gpxx:WaypointExtension>
      <wptx1:WaypointExtension>
        <wptx1:DisplayMode>SymbolAndName</wptx1:DisplayMode>
      </wptx1:WaypointExtension>
      <ctx:CreationTimeExtension>
        <ctx:CreationTime>2020-11-08T10:28:09Z</ctx:CreationTime>
      </ctx:CreationTimeExtension>
    </extensions>
  </wpt>

  <wpt lat="56.911739017814398" lon="-4.174493970349431">
    <ele>940.79999999999995</ele>
    <time>2020-11-08T10:28:09Z</time>
    <name>Carn na Caim</name>
    <cmt>Carn na Caim</cmt>
    <desc>Carn na Caim</desc>
    <sym>Triangle, Red</sym>
    <type>user</type>
    <extensions>
      <gpxx:WaypointExtension>
        <gpxx:DisplayMode>SymbolAndName</gpxx:DisplayMode>
      </gpxx:WaypointExtension>
      <wptx1:WaypointExtension>
        <wptx1:DisplayMode>SymbolAndName</wptx1:DisplayMode>
      </wptx1:WaypointExtension>
      <ctx:CreationTimeExtension>
        <ctx:CreationTime>2020-11-08T10:28:09Z</ctx:CreationTime>
      </ctx:CreationTimeExtension>
    </extensions>
  </wpt>

  <wpt lat="57.363303992897272" lon="-5.024544009938836">
    <ele>993</ele>
    <time>2020-11-08T10:28:09Z</time>
    <name>Carn nan Gobhar</name>
    <cmt>Carn nan Gobhar</cmt>
    <desc>Carn nan Gobhar</desc>
    <sym>Triangle, Red</sym>
    <type>user</type>
    <extensions>
      <gpxx:WaypointExtension>
        <gpxx:DisplayMode>SymbolAndName</gpxx:DisplayMode>
      </gpxx:WaypointExtension>
      <wptx1:WaypointExtension>
        <wptx1:DisplayMode>SymbolAndName</wptx1:DisplayMode>
      </wptx1:WaypointExtension>
      <ctx:CreationTimeExtension>
        <ctx:CreationTime>2020-11-08T10:28:09Z</ctx:CreationTime>
      </ctx:CreationTimeExtension>
    </extensions>
  </wpt>

  <wpt lat="57.452331036329269" lon="-4.879934974014759">
    <ele>992</ele>
    <time>2020-11-08T10:28:09Z</time>
    <name>Carn nan Gobhar1</name>
    <cmt>Carn nan Gobhar</cmt>
    <desc>Carn nan Gobhar</desc>
    <sym>Triangle, Red</sym>
    <type>user</type>
    <extensions>
      <gpxx:WaypointExtension>
        <gpxx:DisplayMode>SymbolAndName</gpxx:DisplayMode>
      </gpxx:WaypointExtension>
      <wptx1:WaypointExtension>
        <wptx1:DisplayMode>SymbolAndName</wptx1:DisplayMode>
      </wptx1:WaypointExtension>
      <ctx:CreationTimeExtension>
        <ctx:CreationTime>2020-11-08T10:28:09Z</ctx:CreationTime>
      </ctx:CreationTimeExtension>
    </extensions>
  </wpt>

  <wpt lat="57.124370969831944" lon="-4.176985993981361">
    <ele>920.29999999999995</ele>
    <time>2020-11-08T10:28:09Z</time>
    <name>Carn Sgulain</name>
    <cmt>Carn Sgulain</cmt>
    <desc>Carn Sgulain</desc>
    <sym>Triangle, Red</sym>
    <type>user</type>
    <extensions>
      <gpxx:WaypointExtension>
        <gpxx:DisplayMode>SymbolAndName</gpxx:DisplayMode>
      </gpxx:WaypointExtension>
      <wptx1:WaypointExtension>
        <wptx1:DisplayMode>SymbolAndName</wptx1:DisplayMode>
      </wptx1:WaypointExtension>
      <ctx:CreationTimeExtension>
        <ctx:CreationTime>2020-11-08T10:28:09Z</ctx:CreationTime>
      </ctx:CreationTimeExtension>
    </extensions>
  </wpt>

  <wpt lat="56.830086037516594" lon="-4.660831019282341">
    <ele>1046</ele>
    <time>2020-11-08T10:28:09Z</time>
    <name>Chno Dearg</name>
    <cmt>Chno Dearg</cmt>
    <desc>Chno Dearg</desc>
    <sym>Triangle, Red</sym>
    <type>user</type>
    <extensions>
      <gpxx:WaypointExtension>
        <gpxx:DisplayMode>SymbolAndName</gpxx:DisplayMode>
      </gpxx:WaypointExtension>
      <wptx1:WaypointExtension>
        <wptx1:DisplayMode>SymbolAndName</wptx1:DisplayMode>
      </wptx1:WaypointExtension>
      <ctx:CreationTimeExtension>
        <ctx:CreationTime>2020-11-08T10:28:09Z</ctx:CreationTime>
      </ctx:CreationTimeExtension>
    </extensions>
  </wpt>

  <wpt lat="57.199234021827579" lon="-5.209015030413866">
    <ele>979</ele>
    <time>2020-11-08T10:28:09Z</time>
    <name>Ciste Dhubh</name>
    <cmt>Ciste Dhubh</cmt>
    <desc>Ciste Dhubh</desc>
    <sym>Triangle, Red</sym>
    <type>user</type>
    <extensions>
      <gpxx:WaypointExtension>
        <gpxx:DisplayMode>SymbolAndName</gpxx:DisplayMode>
      </gpxx:WaypointExtension>
      <wptx1:WaypointExtension>
        <wptx1:DisplayMode>SymbolAndName</wptx1:DisplayMode>
      </wptx1:WaypointExtension>
      <ctx:CreationTimeExtension>
        <ctx:CreationTime>2020-11-08T10:28:09Z</ctx:CreationTime>
      </ctx:CreationTimeExtension>
    </extensions>
  </wpt>

  <wpt lat="57.791060004383326" lon="-4.903365997597575">
    <ele>978</ele>
    <time>2020-11-08T10:28:09Z</time>
    <name>Cona' Mheall</name>
    <cmt>Cona' Mheall</cmt>
    <desc>Cona' Mheall</desc>
    <sym>Triangle, Red</sym>
    <type>user</type>
    <extensions>
      <gpxx:WaypointExtension>
        <gpxx:DisplayMode>SymbolAndName</gpxx:DisplayMode>
      </gpxx:WaypointExtension>
      <wptx1:WaypointExtension>
        <wptx1:DisplayMode>SymbolAndName</wptx1:DisplayMode>
      </wptx1:WaypointExtension>
      <ctx:CreationTimeExtension>
        <ctx:CreationTime>2020-11-08T10:28:09Z</ctx:CreationTime>
      </ctx:CreationTimeExtension>
    </extensions>
  </wpt>

  <wpt lat="58.135697962716222" lon="-4.883498037233949">
    <ele>987</ele>
    <time>2020-11-08T10:28:09Z</time>
    <name>Conival</name>
    <cmt>Conival</cmt>
    <desc>Conival</desc>
    <sym>Triangle, Red</sym>
    <type>user</type>
    <extensions>
      <gpxx:WaypointExtension>
        <gpxx:DisplayMode>SymbolAndName</gpxx:DisplayMode>
      </gpxx:WaypointExtension>
      <wptx1:WaypointExtension>
        <wptx1:DisplayMode>SymbolAndName</wptx1:DisplayMode>
      </wptx1:WaypointExtension>
      <ctx:CreationTimeExtension>
        <ctx:CreationTime>2020-11-08T10:28:09Z</ctx:CreationTime>
      </ctx:CreationTimeExtension>
    </extensions>
  </wpt>

  <wpt lat="57.120961965993047" lon="-5.160063961520791">
    <ele>946</ele>
    <time>2020-11-08T10:28:09Z</time>
    <name>Creag a'Mhaim</name>
    <cmt>Creag a'Mhaim</cmt>
    <desc>Creag a'Mhaim</desc>
    <sym>Triangle, Red</sym>
    <type>user</type>
    <extensions>
      <gpxx:WaypointExtension>
        <gpxx:DisplayMode>SymbolAndName</gpxx:DisplayMode>
      </gpxx:WaypointExtension>
      <wptx1:WaypointExtension>
        <wptx1:DisplayMode>SymbolAndName</wptx1:DisplayMode>
      </wptx1:WaypointExtension>
      <ctx:CreationTimeExtension>
        <ctx:CreationTime>2020-11-08T10:28:09Z</ctx:CreationTime>
      </ctx:CreationTimeExtension>
    </extensions>
  </wpt>

  <wpt lat="56.854631016030908" lon="-3.387751020491123">
    <ele>988.20000000000005</ele>
    <time>2020-11-08T10:28:09Z</time>
    <name>Creag Leacach</name>
    <cmt>Creag Leacach</cmt>
    <desc>Creag Leacach</desc>
    <sym>Triangle, Red</sym>
    <type>user</type>
    <extensions>
      <gpxx:WaypointExtension>
        <gpxx:DisplayMode>SymbolAndName</gpxx:DisplayMode>
      </gpxx:WaypointExtension>
      <wptx1:WaypointExtension>
        <wptx1:DisplayMode>SymbolAndName</wptx1:DisplayMode>
      </wptx1:WaypointExtension>
      <ctx:CreationTimeExtension>
        <ctx:CreationTime>2020-11-08T10:28:09Z</ctx:CreationTime>
      </ctx:CreationTimeExtension>
    </extensions>
  </wpt>

  <wpt lat="56.952041974291205" lon="-4.602085025981069">
    <ele>1128</ele>
    <time>2020-11-08T10:28:09Z</time>
    <name>Creag Meagaidh</name>
    <cmt>Creag Meagaidh</cmt>
    <desc>Creag Meagaidh</desc>
    <sym>Triangle, Red</sym>
    <type>user</type>
    <extensions>
      <gpxx:WaypointExtension>
        <gpxx:DisplayMode>SymbolAndName</gpxx:DisplayMode>
      </gpxx:WaypointExtension>
      <wptx1:WaypointExtension>
        <wptx1:DisplayMode>SymbolAndName</wptx1:DisplayMode>
      </wptx1:WaypointExtension>
      <ctx:CreationTimeExtension>
        <ctx:CreationTime>2020-11-08T10:28:09Z</ctx:CreationTime>
      </ctx:CreationTimeExtension>
    </extensions>
  </wpt>

  <wpt lat="56.489510033279657" lon="-4.614038038998842">
    <ele>1047</ele>
    <time>2020-11-08T10:28:09Z</time>
    <name>Creag Mhor</name>
    <cmt>Creag Mhor</cmt>
    <desc>Creag Mhor</desc>
    <sym>Triangle, Red</sym>
    <type>user</type>
    <extensions>
      <gpxx:WaypointExtension>
        <gpxx:DisplayMode>SymbolAndName</gpxx:DisplayMode>
      </gpxx:WaypointExtension>
      <wptx1:WaypointExtension>
        <wptx1:DisplayMode>SymbolAndName</wptx1:DisplayMode>
      </wptx1:WaypointExtension>
      <ctx:CreationTimeExtension>
        <ctx:CreationTime>2020-11-08T10:28:09Z</ctx:CreationTime>
      </ctx:CreationTimeExtension>
    </extensions>
  </wpt>

  <wpt lat="57.14726303704083" lon="-5.334596978500485">
    <ele>918</ele>
    <time>2020-11-08T10:28:09Z</time>
    <name>Creag nan Damh</name>
    <cmt>Creag nan Damh</cmt>
    <desc>Creag nan Damh</desc>
    <sym>Triangle, Red</sym>
    <type>user</type>
    <extensions>
      <gpxx:WaypointExtension>
        <gpxx:DisplayMode>SymbolAndName</gpxx:DisplayMode>
      </gpxx:WaypointExtension>
      <wptx1:WaypointExtension>
        <wptx1:DisplayMode>SymbolAndName</wptx1:DisplayMode>
      </wptx1:WaypointExtension>
      <ctx:CreationTimeExtension>
        <ctx:CreationTime>2020-11-08T10:28:09Z</ctx:CreationTime>
      </ctx:CreationTimeExtension>
    </extensions>
  </wpt>

  <wpt lat="56.899711992591619" lon="-4.484971985220909">
    <ele>924</ele>
    <time>2020-11-08T10:28:09Z</time>
    <name>Creag Pitridh</name>
    <cmt>Creag Pitridh</cmt>
    <desc>Creag Pitridh</desc>
    <sym>Triangle, Red</sym>
    <type>user</type>
    <extensions>
      <gpxx:WaypointExtension>
        <gpxx:DisplayMode>SymbolAndName</gpxx:DisplayMode>
      </gpxx:WaypointExtension>
      <wptx1:WaypointExtension>
        <wptx1:DisplayMode>SymbolAndName</wptx1:DisplayMode>
      </wptx1:WaypointExtension>
      <ctx:CreationTimeExtension>
        <ctx:CreationTime>2020-11-08T10:28:09Z</ctx:CreationTime>
      </ctx:CreationTimeExtension>
    </extensions>
  </wpt>

  <wpt lat="56.614449005573988" lon="-4.871979039162397">
    <ele>1099.8</ele>
    <time>2020-11-08T10:28:09Z</time>
    <name>Creise</name>
    <cmt>Creise</cmt>
    <desc>Creise</desc>
    <sym>Triangle, Red</sym>
    <type>user</type>
    <extensions>
      <gpxx:WaypointExtension>
        <gpxx:DisplayMode>SymbolAndName</gpxx:DisplayMode>
      </gpxx:WaypointExtension>
      <wptx1:WaypointExtension>
        <wptx1:DisplayMode>SymbolAndName</wptx1:DisplayMode>
      </wptx1:WaypointExtension>
      <ctx:CreationTimeExtension>
        <ctx:CreationTime>2020-11-08T10:28:09Z</ctx:CreationTime>
      </ctx:CreationTimeExtension>
    </extensions>
  </wpt>

  <wpt lat="56.356428964063525" lon="-4.576150998473167">
    <ele>1045.9000000000001</ele>
    <time>2020-11-08T10:28:09Z</time>
    <name>Cruach Ardrain</name>
    <cmt>Cruach Ardrain</cmt>
    <desc>Cruach Ardrain</desc>
    <sym>Triangle, Red</sym>
    <type>user</type>
    <extensions>
      <gpxx:WaypointExtension>
        <gpxx:DisplayMode>SymbolAndName</gpxx:DisplayMode>
      </gpxx:WaypointExtension>
      <wptx1:WaypointExtension>
        <wptx1:DisplayMode>SymbolAndName</wptx1:DisplayMode>
      </wptx1:WaypointExtension>
      <ctx:CreationTimeExtension>
        <ctx:CreationTime>2020-11-08T10:28:09Z</ctx:CreationTime>
      </ctx:CreationTimeExtension>
    </extensions>
  </wpt>

  <wpt lat="57.062801029533148" lon="-3.622004007920623">
    <ele>1155</ele>
    <time>2020-10-20T15:52:10Z</time>
    <name>Derry Cairngorm</name>
    <cmt>Derry Cairngorm</cmt>
    <desc>Derry Cairngorm</desc>
    <sym>Triangle, Red</sym>
    <type>user</type>
    <extensions>
      <gpxx:WaypointExtension>
        <gpxx:DisplayMode>SymbolAndName</gpxx:DisplayMode>
      </gpxx:WaypointExtension>
      <wptx1:WaypointExtension>
        <wptx1:DisplayMode>SymbolAndName</wptx1:DisplayMode>
      </wptx1:WaypointExtension>
      <ctx:CreationTimeExtension>
        <ctx:CreationTime>2020-10-20T15:52:10Z</ctx:CreationTime>
      </ctx:CreationTimeExtension>
    </extensions>
  </wpt>

  <wpt lat="56.848003026098013" lon="-3.196523012593389">
    <ele>947</ele>
    <time>2020-11-08T10:28:09Z</time>
    <name>Driesh</name>
    <cmt>Driesh</cmt>
    <desc>Driesh</desc>
    <sym>Triangle, Red</sym>
    <type>user</type>
    <extensions>
      <gpxx:WaypointExtension>
        <gpxx:DisplayMode>SymbolAndName</gpxx:DisplayMode>
      </gpxx:WaypointExtension>
      <wptx1:WaypointExtension>
        <wptx1:DisplayMode>SymbolAndName</wptx1:DisplayMode>
      </wptx1:WaypointExtension>
      <ctx:CreationTimeExtension>
        <ctx:CreationTime>2020-11-08T10:28:09Z</ctx:CreationTime>
      </ctx:CreationTimeExtension>
    </extensions>
  </wpt>

  <wpt lat="57.126794010400772" lon="-5.182841029018164">
    <ele>987</ele>
    <time>2020-11-08T10:28:09Z</time>
    <name>Druim Shionnach</name>
    <cmt>Druim Shionnach</cmt>
    <desc>Druim Shionnach</desc>
    <sym>Triangle, Red</sym>
    <type>user</type>
    <extensions>
      <gpxx:WaypointExtension>
        <gpxx:DisplayMode>SymbolAndName</gpxx:DisplayMode>
      </gpxx:WaypointExtension>
      <wptx1:WaypointExtension>
        <wptx1:DisplayMode>SymbolAndName</wptx1:DisplayMode>
      </wptx1:WaypointExtension>
      <ctx:CreationTimeExtension>
        <ctx:CreationTime>2020-11-08T10:28:09Z</ctx:CreationTime>
      </ctx:CreationTimeExtension>
    </extensions>
  </wpt>

  <wpt lat="57.813483020290732" lon="-4.934183992445469">
    <ele>927</ele>
    <time>2020-11-08T10:28:09Z</time>
    <name>Eididh nan Clach Geala</name>
    <cmt>Eididh nan Clach Geala</cmt>
    <desc>Eididh nan Clach Geala</desc>
    <sym>Triangle, Red</sym>
    <type>user</type>
    <extensions>
      <gpxx:WaypointExtension>
        <gpxx:DisplayMode>SymbolAndName</gpxx:DisplayMode>
      </gpxx:WaypointExtension>
      <wptx1:WaypointExtension>
        <wptx1:DisplayMode>SymbolAndName</wptx1:DisplayMode>
      </wptx1:WaypointExtension>
      <ctx:CreationTimeExtension>
        <ctx:CreationTime>2020-11-08T10:28:09Z</ctx:CreationTime>
      </ctx:CreationTimeExtension>
    </extensions>
  </wpt>

  <wpt lat="57.611147984862328" lon="-5.102712968364358">
    <ele>933</ele>
    <time>2020-11-08T10:28:09Z</time>
    <name>Fionn Bheinn</name>
    <cmt>Fionn Bheinn</cmt>
    <desc>Fionn Bheinn</desc>
    <sym>Triangle, Red</sym>
    <type>user</type>
    <extensions>
      <gpxx:WaypointExtension>
        <gpxx:DisplayMode>SymbolAndName</gpxx:DisplayMode>
      </gpxx:WaypointExtension>
      <wptx1:WaypointExtension>
        <wptx1:DisplayMode>SymbolAndName</wptx1:DisplayMode>
      </wptx1:WaypointExtension>
      <ctx:CreationTimeExtension>
        <ctx:CreationTime>2020-11-08T10:28:09Z</ctx:CreationTime>
      </ctx:CreationTimeExtension>
    </extensions>
  </wpt>

  <wpt lat="57.044879011809826" lon="-5.255827037617564">
    <ele>919</ele>
    <time>2020-11-08T10:28:09Z</time>
    <name>Gairich</name>
    <cmt>Gairich</cmt>
    <desc>Gairich</desc>
    <sym>Triangle, Red</sym>
    <type>user</type>
    <extensions>
      <gpxx:WaypointExtension>
        <gpxx:DisplayMode>SymbolAndName</gpxx:DisplayMode>
      </gpxx:WaypointExtension>
      <wptx1:WaypointExtension>
        <wptx1:DisplayMode>SymbolAndName</wptx1:DisplayMode>
      </wptx1:WaypointExtension>
      <ctx:CreationTimeExtension>
        <ctx:CreationTime>2020-11-08T10:28:09Z</ctx:CreationTime>
      </ctx:CreationTimeExtension>
    </extensions>
  </wpt>

  <wpt lat="57.008546981960535" lon="-5.444321036338806">
    <ele>1013</ele>
    <time>2020-11-08T10:28:09Z</time>
    <name>Garbh Chioch Mhor</name>
    <cmt>Garbh Chioch Mhor</cmt>
    <desc>Garbh Chioch Mhor</desc>
    <sym>Triangle, Red</sym>
    <type>user</type>
    <extensions>
      <gpxx:WaypointExtension>
        <gpxx:DisplayMode>SymbolAndName</gpxx:DisplayMode>
      </gpxx:WaypointExtension>
      <wptx1:WaypointExtension>
        <wptx1:DisplayMode>SymbolAndName</wptx1:DisplayMode>
      </wptx1:WaypointExtension>
      <ctx:CreationTimeExtension>
        <ctx:CreationTime>2020-11-08T10:28:09Z</ctx:CreationTime>
      </ctx:CreationTimeExtension>
    </extensions>
  </wpt>

  <wpt lat="56.897763032466173" lon="-4.45723601616919">
    <ele>1049</ele>
    <time>2020-11-08T10:28:09Z</time>
    <name>Geal Charn</name>
    <cmt>Geal Charn</cmt>
    <desc>Geal Charn</desc>
    <sym>Triangle, Red</sym>
    <type>user</type>
    <extensions>
      <gpxx:WaypointExtension>
        <gpxx:DisplayMode>SymbolAndName</gpxx:DisplayMode>
      </gpxx:WaypointExtension>
      <wptx1:WaypointExtension>
        <wptx1:DisplayMode>SymbolAndName</wptx1:DisplayMode>
      </wptx1:WaypointExtension>
      <ctx:CreationTimeExtension>
        <ctx:CreationTime>2020-11-08T10:28:09Z</ctx:CreationTime>
      </ctx:CreationTimeExtension>
    </extensions>
  </wpt>

  <wpt lat="57.057418003678322" lon="-4.373571965843439">
    <ele>926</ele>
    <time>2020-11-08T10:28:09Z</time>
    <name>Geal Charn1</name>
    <cmt>Geal Charn</cmt>
    <desc>Geal Charn</desc>
    <sym>Triangle, Red</sym>
    <type>user</type>
    <extensions>
      <gpxx:WaypointExtension>
        <gpxx:DisplayMode>SymbolAndName</gpxx:DisplayMode>
      </gpxx:WaypointExtension>
      <wptx1:WaypointExtension>
        <wptx1:DisplayMode>SymbolAndName</wptx1:DisplayMode>
      </wptx1:WaypointExtension>
      <ctx:CreationTimeExtension>
        <ctx:CreationTime>2020-11-08T10:28:09Z</ctx:CreationTime>
      </ctx:CreationTimeExtension>
    </extensions>
  </wpt>

  <wpt lat="56.837836029008031" lon="-4.509727014228702">
    <ele>1132</ele>
    <time>2020-11-08T10:28:09Z</time>
    <name>Geal-charn</name>
    <cmt>Geal-charn</cmt>
    <desc>Geal-charn</desc>
    <sym>Triangle, Red</sym>
    <type>user</type>
    <extensions>
      <gpxx:WaypointExtension>
        <gpxx:DisplayMode>SymbolAndName</gpxx:DisplayMode>
      </gpxx:WaypointExtension>
      <wptx1:WaypointExtension>
        <wptx1:DisplayMode>SymbolAndName</wptx1:DisplayMode>
      </wptx1:WaypointExtension>
      <ctx:CreationTimeExtension>
        <ctx:CreationTime>2020-11-08T10:28:09Z</ctx:CreationTime>
      </ctx:CreationTimeExtension>
    </extensions>
  </wpt>

  <wpt lat="56.874433010816574" lon="-4.30451899766922">
    <ele>917.10000000000002</ele>
    <time>2020-11-08T10:28:09Z</time>
    <name>Geal-charn1</name>
    <cmt>Geal-charn</cmt>
    <desc>Geal-charn</desc>
    <sym>Triangle, Red</sym>
    <type>user</type>
    <extensions>
      <gpxx:WaypointExtension>
        <gpxx:DisplayMode>SymbolAndName</gpxx:DisplayMode>
      </gpxx:WaypointExtension>
      <wptx1:WaypointExtension>
        <wptx1:DisplayMode>SymbolAndName</wptx1:DisplayMode>
      </wptx1:WaypointExtension>
      <ctx:CreationTimeExtension>
        <ctx:CreationTime>2020-11-08T10:28:09Z</ctx:CreationTime>
      </ctx:CreationTimeExtension>
    </extensions>
  </wpt>

  <wpt lat="56.54243404045701" lon="-5.005235960707068">
    <ele>997</ele>
    <time>2020-11-08T10:28:09Z</time>
    <name>Glas Bheinn Mhor</name>
    <cmt>Glas Bheinn Mhor</cmt>
    <desc>Glas Bheinn Mhor</desc>
    <sym>Triangle, Red</sym>
    <type>user</type>
    <extensions>
      <gpxx:WaypointExtension>
        <gpxx:DisplayMode>SymbolAndName</gpxx:DisplayMode>
      </gpxx:WaypointExtension>
      <wptx1:WaypointExtension>
        <wptx1:DisplayMode>SymbolAndName</wptx1:DisplayMode>
      </wptx1:WaypointExtension>
      <ctx:CreationTimeExtension>
        <ctx:CreationTime>2020-11-08T10:28:09Z</ctx:CreationTime>
      </ctx:CreationTimeExtension>
    </extensions>
  </wpt>

  <wpt lat="56.873058965429664" lon="-3.36823602207005">
    <ele>1068</ele>
    <time>2020-11-08T10:28:09Z</time>
    <name>Glas Maol</name>
    <cmt>Glas Maol</cmt>
    <desc>Glas Maol</desc>
    <sym>Triangle, Red</sym>
    <type>user</type>
    <extensions>
      <gpxx:WaypointExtension>
        <gpxx:DisplayMode>SymbolAndName</gpxx:DisplayMode>
      </gpxx:WaypointExtension>
      <wptx1:WaypointExtension>
        <wptx1:DisplayMode>SymbolAndName</wptx1:DisplayMode>
      </wptx1:WaypointExtension>
      <ctx:CreationTimeExtension>
        <ctx:CreationTime>2020-11-08T10:28:09Z</ctx:CreationTime>
      </ctx:CreationTimeExtension>
    </extensions>
  </wpt>

  <wpt lat="56.865756986662745" lon="-3.558180006220937">
    <ele>1051</ele>
    <time>2020-11-08T10:28:09Z</time>
    <name>Glas Tulaichean</name>
    <cmt>Glas Tulaichean</cmt>
    <desc>Glas Tulaichean</desc>
    <sym>Triangle, Red</sym>
    <type>user</type>
    <extensions>
      <gpxx:WaypointExtension>
        <gpxx:DisplayMode>SymbolAndName</gpxx:DisplayMode>
      </gpxx:WaypointExtension>
      <wptx1:WaypointExtension>
        <wptx1:DisplayMode>SymbolAndName</wptx1:DisplayMode>
      </wptx1:WaypointExtension>
      <ctx:CreationTimeExtension>
        <ctx:CreationTime>2020-11-08T10:28:09Z</ctx:CreationTime>
      </ctx:CreationTimeExtension>
    </extensions>
  </wpt>

  <wpt lat="57.097162976861" lon="-5.238035023212433">
    <ele>1035</ele>
    <time>2020-11-08T10:28:09Z</time>
    <name>Gleouraich</name>
    <cmt>Gleouraich</cmt>
    <desc>Gleouraich</desc>
    <sym>Triangle, Red</sym>
    <type>user</type>
    <extensions>
      <gpxx:WaypointExtension>
        <gpxx:DisplayMode>SymbolAndName</gpxx:DisplayMode>
      </gpxx:WaypointExtension>
      <wptx1:WaypointExtension>
        <wptx1:DisplayMode>SymbolAndName</wptx1:DisplayMode>
      </wptx1:WaypointExtension>
      <ctx:CreationTimeExtension>
        <ctx:CreationTime>2020-11-08T10:28:09Z</ctx:CreationTime>
      </ctx:CreationTimeExtension>
    </extensions>
  </wpt>

  <wpt lat="56.936184000223875" lon="-5.284524997696281">
    <ele>987</ele>
    <time>2020-11-08T10:28:09Z</time>
    <name>Gulvain (Gaor Bheinn)</name>
    <cmt>Gulvain (Gaor Bheinn)</cmt>
    <desc>Gulvain (Gaor Bheinn)</desc>
    <sym>Triangle, Red</sym>
    <type>user</type>
    <extensions>
      <gpxx:WaypointExtension>
        <gpxx:DisplayMode>SymbolAndName</gpxx:DisplayMode>
      </gpxx:WaypointExtension>
      <wptx1:WaypointExtension>
        <wptx1:DisplayMode>SymbolAndName</wptx1:DisplayMode>
      </wptx1:WaypointExtension>
      <ctx:CreationTimeExtension>
        <ctx:CreationTime>2020-11-08T10:28:09Z</ctx:CreationTime>
      </ctx:CreationTimeExtension>
    </extensions>
  </wpt>

  <wpt lat="57.075262991711497" lon="-5.591744966804981">
    <ele>1020</ele>
    <time>2020-11-08T10:28:09Z</time>
    <name>Ladhar Bheinn</name>
    <cmt>Ladhar Bheinn</cmt>
    <desc>Ladhar Bheinn</desc>
    <sym>Triangle, Red</sym>
    <type>user</type>
    <extensions>
      <gpxx:WaypointExtension>
        <gpxx:DisplayMode>SymbolAndName</gpxx:DisplayMode>
      </gpxx:WaypointExtension>
      <wptx1:WaypointExtension>
        <wptx1:DisplayMode>SymbolAndName</wptx1:DisplayMode>
      </wptx1:WaypointExtension>
      <ctx:CreationTimeExtension>
        <ctx:CreationTime>2020-11-08T10:28:09Z</ctx:CreationTime>
      </ctx:CreationTimeExtension>
    </extensions>
  </wpt>

  <wpt lat="57.560891015455127" lon="-5.492550004273653">
    <ele>1023</ele>
    <time>2020-11-08T10:28:09Z</time>
    <name>Liathach-Mullach an Rathain</name>
    <cmt>Liathach-Mullach an Rathain</cmt>
    <desc>Liathach-Mullach an Rathain</desc>
    <sym>Triangle, Red</sym>
    <type>user</type>
    <extensions>
      <gpxx:WaypointExtension>
        <gpxx:DisplayMode>SymbolAndName</gpxx:DisplayMode>
      </gpxx:WaypointExtension>
      <wptx1:WaypointExtension>
        <wptx1:DisplayMode>SymbolAndName</wptx1:DisplayMode>
      </wptx1:WaypointExtension>
      <ctx:CreationTimeExtension>
        <ctx:CreationTime>2020-11-08T10:28:09Z</ctx:CreationTime>
      </ctx:CreationTimeExtension>
    </extensions>
  </wpt>

  <wpt lat="57.564198011532426" lon="-5.463592037558556">
    <ele>1055</ele>
    <time>2020-11-08T10:28:09Z</time>
    <name>Liathach-Spidean a'Choire Leith</name>
    <cmt>Liathach-Spidean a'Choire Leith</cmt>
    <desc>Liathach-Spidean a'Choire Leith</desc>
    <sym>Triangle, Red</sym>
    <type>user</type>
    <extensions>
      <gpxx:WaypointExtension>
        <gpxx:DisplayMode>SymbolAndName</gpxx:DisplayMode>
      </gpxx:WaypointExtension>
      <wptx1:WaypointExtension>
        <wptx1:DisplayMode>SymbolAndName</wptx1:DisplayMode>
      </wptx1:WaypointExtension>
      <ctx:CreationTimeExtension>
        <ctx:CreationTime>2020-11-08T10:28:09Z</ctx:CreationTime>
      </ctx:CreationTimeExtension>
    </extensions>
  </wpt>

  <wpt lat="56.960263028740883" lon="-3.245261013507843">
    <ele>1156</ele>
    <time>2020-11-08T10:28:09Z</time>
    <name>Lochnagar-Cac Carn Beag</name>
    <cmt>Lochnagar-Cac Carn Beag</cmt>
    <desc>Lochnagar-Cac Carn Beag</desc>
    <sym>Triangle, Red</sym>
    <type>user</type>
    <extensions>
      <gpxx:WaypointExtension>
        <gpxx:DisplayMode>SymbolAndName</gpxx:DisplayMode>
      </gpxx:WaypointExtension>
      <wptx1:WaypointExtension>
        <wptx1:DisplayMode>SymbolAndName</wptx1:DisplayMode>
      </wptx1:WaypointExtension>
      <ctx:CreationTimeExtension>
        <ctx:CreationTime>2020-11-08T10:28:09Z</ctx:CreationTime>
      </ctx:CreationTimeExtension>
    </extensions>
  </wpt>

  <wpt lat="57.048335038125515" lon="-5.513592017814517">
    <ele>939</ele>
    <time>2020-11-08T10:28:09Z</time>
    <name>Luinne Bheinn</name>
    <cmt>Luinne Bheinn</cmt>
    <desc>Luinne Bheinn</desc>
    <sym>Triangle, Red</sym>
    <type>user</type>
    <extensions>
      <gpxx:WaypointExtension>
        <gpxx:DisplayMode>SymbolAndName</gpxx:DisplayMode>
      </gpxx:WaypointExtension>
      <wptx1:WaypointExtension>
        <wptx1:DisplayMode>SymbolAndName</wptx1:DisplayMode>
      </wptx1:WaypointExtension>
      <ctx:CreationTimeExtension>
        <ctx:CreationTime>2020-11-08T10:28:09Z</ctx:CreationTime>
      </ctx:CreationTimeExtension>
    </extensions>
  </wpt>

  <wpt lat="57.413090988993645" lon="-5.223666010424495">
    <ele>987</ele>
    <time>2020-11-08T10:28:09Z</time>
    <name>Lurg Mhor</name>
    <cmt>Lurg Mhor</cmt>
    <desc>Lurg Mhor</desc>
    <sym>Triangle, Red</sym>
    <type>user</type>
    <extensions>
      <gpxx:WaypointExtension>
        <gpxx:DisplayMode>SymbolAndName</gpxx:DisplayMode>
      </gpxx:WaypointExtension>
      <wptx1:WaypointExtension>
        <wptx1:DisplayMode>SymbolAndName</wptx1:DisplayMode>
      </wptx1:WaypointExtension>
      <ctx:CreationTimeExtension>
        <ctx:CreationTime>2020-11-08T10:28:09Z</ctx:CreationTime>
      </ctx:CreationTimeExtension>
    </extensions>
  </wpt>

  <wpt lat="57.279800958931446" lon="-5.120267020538449">
    <ele>1179.4000000000001</ele>
    <time>2020-11-08T10:28:09Z</time>
    <name>Mam Sodhail</name>
    <cmt>Mam Sodhail</cmt>
    <desc>Mam Sodhail</desc>
    <sym>Triangle, Red</sym>
    <type>user</type>
    <extensions>
      <gpxx:WaypointExtension>
        <gpxx:DisplayMode>SymbolAndName</gpxx:DisplayMode>
      </gpxx:WaypointExtension>
      <wptx1:WaypointExtension>
        <wptx1:DisplayMode>SymbolAndName</wptx1:DisplayMode>
      </wptx1:WaypointExtension>
      <ctx:CreationTimeExtension>
        <ctx:CreationTime>2020-11-08T10:28:09Z</ctx:CreationTime>
      </ctx:CreationTimeExtension>
    </extensions>
  </wpt>

  <wpt lat="57.464477000758052" lon="-5.111002000048757">
    <ele>1004.9</ele>
    <time>2020-11-08T10:28:09Z</time>
    <name>Maoile Lunndaidh</name>
    <cmt>Maoile Lunndaidh</cmt>
    <desc>Maoile Lunndaidh</desc>
    <sym>Triangle, Red</sym>
    <type>user</type>
    <extensions>
      <gpxx:WaypointExtension>
        <gpxx:DisplayMode>SymbolAndName</gpxx:DisplayMode>
      </gpxx:WaypointExtension>
      <wptx1:WaypointExtension>
        <wptx1:DisplayMode>SymbolAndName</wptx1:DisplayMode>
      </wptx1:WaypointExtension>
      <ctx:CreationTimeExtension>
        <ctx:CreationTime>2020-11-08T10:28:09Z</ctx:CreationTime>
      </ctx:CreationTimeExtension>
    </extensions>
  </wpt>

  <wpt lat="57.491696979850531" lon="-5.465548960492015">
    <ele>933</ele>
    <time>2020-11-08T10:28:09Z</time>
    <name>Maol Chean-dearg</name>
    <cmt>Maol Chean-dearg</cmt>
    <desc>Maol Chean-dearg</desc>
    <sym>Triangle, Red</sym>
    <type>user</type>
    <extensions>
      <gpxx:WaypointExtension>
        <gpxx:DisplayMode>SymbolAndName</gpxx:DisplayMode>
      </gpxx:WaypointExtension>
      <wptx1:WaypointExtension>
        <wptx1:DisplayMode>SymbolAndName</wptx1:DisplayMode>
      </wptx1:WaypointExtension>
      <ctx:CreationTimeExtension>
        <ctx:CreationTime>2020-11-08T10:28:09Z</ctx:CreationTime>
      </ctx:CreationTimeExtension>
    </extensions>
  </wpt>

  <wpt lat="57.127560032531619" lon="-5.252650966867805">
    <ele>980.29999999999995</ele>
    <time>2020-11-08T10:28:09Z</time>
    <name>Maol Chinn-dearg</name>
    <cmt>Maol Chinn-dearg</cmt>
    <desc>Maol Chinn-dearg</desc>
    <sym>Triangle, Red</sym>
    <type>user</type>
    <extensions>
      <gpxx:WaypointExtension>
        <gpxx:DisplayMode>SymbolAndName</gpxx:DisplayMode>
      </gpxx:WaypointExtension>
      <wptx1:WaypointExtension>
        <wptx1:DisplayMode>SymbolAndName</wptx1:DisplayMode>
      </wptx1:WaypointExtension>
      <ctx:CreationTimeExtension>
        <ctx:CreationTime>2020-11-08T10:28:09Z</ctx:CreationTime>
      </ctx:CreationTimeExtension>
    </extensions>
  </wpt>

  <wpt lat="56.848936015740037" lon="-3.246315959841013">
    <ele>928</ele>
    <time>2020-11-08T10:28:09Z</time>
    <name>Mayar</name>
    <cmt>Mayar</cmt>
    <desc>Mayar</desc>
    <sym>Triangle, Red</sym>
    <type>user</type>
    <extensions>
      <gpxx:WaypointExtension>
        <gpxx:DisplayMode>SymbolAndName</gpxx:DisplayMode>
      </gpxx:WaypointExtension>
      <wptx1:WaypointExtension>
        <wptx1:DisplayMode>SymbolAndName</wptx1:DisplayMode>
      </wptx1:WaypointExtension>
      <ctx:CreationTimeExtension>
        <ctx:CreationTime>2020-11-08T10:28:09Z</ctx:CreationTime>
      </ctx:CreationTimeExtension>
    </extensions>
  </wpt>

  <wpt lat="56.612217994406819" lon="-4.852077970281243">
    <ele>1108</ele>
    <time>2020-11-08T10:28:09Z</time>
    <name>Meall a'Bhuiridh</name>
    <cmt>Meall a'Bhuiridh</cmt>
    <desc>Meall a'Bhuiridh</desc>
    <sym>Triangle, Red</sym>
    <type>user</type>
    <extensions>
      <gpxx:WaypointExtension>
        <gpxx:DisplayMode>SymbolAndName</gpxx:DisplayMode>
      </gpxx:WaypointExtension>
      <wptx1:WaypointExtension>
        <wptx1:DisplayMode>SymbolAndName</wptx1:DisplayMode>
      </wptx1:WaypointExtension>
      <ctx:CreationTimeExtension>
        <ctx:CreationTime>2020-11-08T10:28:09Z</ctx:CreationTime>
      </ctx:CreationTimeExtension>
    </extensions>
  </wpt>

  <wpt lat="56.566311987116933" lon="-4.259625021368265">
    <ele>925.5</ele>
    <time>2020-11-08T10:28:09Z</time>
    <name>Meall a'Choire Leith</name>
    <cmt>Meall a'Choire Leith</cmt>
    <desc>Meall a'Choire Leith</desc>
    <sym>Triangle, Red</sym>
    <type>user</type>
    <extensions>
      <gpxx:WaypointExtension>
        <gpxx:DisplayMode>SymbolAndName</gpxx:DisplayMode>
      </gpxx:WaypointExtension>
      <wptx1:WaypointExtension>
        <wptx1:DisplayMode>SymbolAndName</wptx1:DisplayMode>
      </wptx1:WaypointExtension>
      <ctx:CreationTimeExtension>
        <ctx:CreationTime>2020-11-08T10:28:09Z</ctx:CreationTime>
      </ctx:CreationTimeExtension>
    </extensions>
  </wpt>

  <wpt lat="57.71288400515914" lon="-5.048743989318609">
    <ele>934</ele>
    <time>2020-11-08T10:28:09Z</time>
    <name>Meall a'Chrasgaidh</name>
    <cmt>Meall a'Chrasgaidh</cmt>
    <desc>Meall a'Chrasgaidh</desc>
    <sym>Triangle, Red</sym>
    <type>user</type>
    <extensions>
      <gpxx:WaypointExtension>
        <gpxx:DisplayMode>SymbolAndName</gpxx:DisplayMode>
      </gpxx:WaypointExtension>
      <wptx1:WaypointExtension>
        <wptx1:DisplayMode>SymbolAndName</wptx1:DisplayMode>
      </wptx1:WaypointExtension>
      <ctx:CreationTimeExtension>
        <ctx:CreationTime>2020-11-08T10:28:09Z</ctx:CreationTime>
      </ctx:CreationTimeExtension>
    </extensions>
  </wpt>

  <wpt lat="57.031552959233522" lon="-5.546317985281348">
    <ele>946</ele>
    <time>2020-11-08T10:28:09Z</time>
    <name>Meall Buidhe</name>
    <cmt>Meall Buidhe</cmt>
    <desc>Meall Buidhe</desc>
    <sym>Triangle, Red</sym>
    <type>user</type>
    <extensions>
      <gpxx:WaypointExtension>
        <gpxx:DisplayMode>SymbolAndName</gpxx:DisplayMode>
      </gpxx:WaypointExtension>
      <wptx1:WaypointExtension>
        <wptx1:DisplayMode>SymbolAndName</wptx1:DisplayMode>
      </wptx1:WaypointExtension>
      <ctx:CreationTimeExtension>
        <ctx:CreationTime>2020-11-08T10:28:09Z</ctx:CreationTime>
      </ctx:CreationTimeExtension>
    </extensions>
  </wpt>

  <wpt lat="56.617240011692047" lon="-4.448608020320535">
    <ele>932</ele>
    <time>2020-11-08T10:28:09Z</time>
    <name>Meall Buidhe1</name>
    <cmt>Meall Buidhe</cmt>
    <desc>Meall Buidhe</desc>
    <sym>Triangle, Red</sym>
    <type>user</type>
    <extensions>
      <gpxx:WaypointExtension>
        <gpxx:DisplayMode>SymbolAndName</gpxx:DisplayMode>
      </gpxx:WaypointExtension>
      <wptx1:WaypointExtension>
        <wptx1:DisplayMode>SymbolAndName</wptx1:DisplayMode>
      </wptx1:WaypointExtension>
      <ctx:CreationTimeExtension>
        <ctx:CreationTime>2020-11-08T10:28:09Z</ctx:CreationTime>
      </ctx:CreationTimeExtension>
    </extensions>
  </wpt>

  <wpt lat="56.963849980384111" lon="-4.112584982067347">
    <ele>951</ele>
    <time>2020-11-08T10:28:09Z</time>
    <name>Meall Chuaich</name>
    <cmt>Meall Chuaich</cmt>
    <desc>Meall Chuaich</desc>
    <sym>Triangle, Red</sym>
    <type>user</type>
    <extensions>
      <gpxx:WaypointExtension>
        <gpxx:DisplayMode>SymbolAndName</gpxx:DisplayMode>
      </gpxx:WaypointExtension>
      <wptx1:WaypointExtension>
        <wptx1:DisplayMode>SymbolAndName</wptx1:DisplayMode>
      </wptx1:WaypointExtension>
      <ctx:CreationTimeExtension>
        <ctx:CreationTime>2020-11-08T10:28:09Z</ctx:CreationTime>
      </ctx:CreationTimeExtension>
    </extensions>
  </wpt>

  <wpt lat="56.540946001186967" lon="-4.25346901640296">
    <ele>1069</ele>
    <time>2020-11-08T10:28:09Z</time>
    <name>Meall Corranaich</name>
    <cmt>Meall Corranaich</cmt>
    <desc>Meall Corranaich</desc>
    <sym>Triangle, Red</sym>
    <type>user</type>
    <extensions>
      <gpxx:WaypointExtension>
        <gpxx:DisplayMode>SymbolAndName</gpxx:DisplayMode>
      </gpxx:WaypointExtension>
      <wptx1:WaypointExtension>
        <wptx1:DisplayMode>SymbolAndName</wptx1:DisplayMode>
      </wptx1:WaypointExtension>
      <ctx:CreationTimeExtension>
        <ctx:CreationTime>2020-11-08T10:28:09Z</ctx:CreationTime>
      </ctx:CreationTimeExtension>
    </extensions>
  </wpt>

  <wpt lat="56.566121969372034" lon="-4.20770701020956">
    <ele>1123</ele>
    <time>2020-11-08T10:28:09Z</time>
    <name>Meall Garbh</name>
    <cmt>Meall Garbh</cmt>
    <desc>Meall Garbh</desc>
    <sym>Triangle, Red</sym>
    <type>user</type>
    <extensions>
      <gpxx:WaypointExtension>
        <gpxx:DisplayMode>SymbolAndName</gpxx:DisplayMode>
      </gpxx:WaypointExtension>
      <wptx1:WaypointExtension>
        <wptx1:DisplayMode>SymbolAndName</wptx1:DisplayMode>
      </wptx1:WaypointExtension>
      <ctx:CreationTimeExtension>
        <ctx:CreationTime>2020-11-08T10:28:09Z</ctx:CreationTime>
      </ctx:CreationTimeExtension>
    </extensions>
  </wpt>

  <wpt lat="56.637372002005577" lon="-4.207455972209573">
    <ele>968</ele>
    <time>2020-11-08T10:28:09Z</time>
    <name>Meall Garbh1</name>
    <cmt>Meall Garbh</cmt>
    <desc>Meall Garbh</desc>
    <sym>Triangle, Red</sym>
    <type>user</type>
    <extensions>
      <gpxx:WaypointExtension>
        <gpxx:DisplayMode>SymbolAndName</gpxx:DisplayMode>
      </gpxx:WaypointExtension>
      <wptx1:WaypointExtension>
        <wptx1:DisplayMode>SymbolAndName</wptx1:DisplayMode>
      </wptx1:WaypointExtension>
      <ctx:CreationTimeExtension>
        <ctx:CreationTime>2020-11-08T10:28:09Z</ctx:CreationTime>
      </ctx:CreationTimeExtension>
    </extensions>
  </wpt>

  <wpt lat="56.525809038430452" lon="-4.416654026135802">
    <ele>1039.8</ele>
    <time>2020-11-08T10:28:09Z</time>
    <name>Meall Ghaordaidh</name>
    <cmt>Meall Ghaordaidh</cmt>
    <desc>Meall Ghaordaidh</desc>
    <sym>Triangle, Red</sym>
    <type>user</type>
    <extensions>
      <gpxx:WaypointExtension>
        <gpxx:DisplayMode>SymbolAndName</gpxx:DisplayMode>
      </gpxx:WaypointExtension>
      <wptx1:WaypointExtension>
        <wptx1:DisplayMode>SymbolAndName</wptx1:DisplayMode>
      </wptx1:WaypointExtension>
      <ctx:CreationTimeExtension>
        <ctx:CreationTime>2020-11-08T10:28:09Z</ctx:CreationTime>
      </ctx:CreationTimeExtension>
    </extensions>
  </wpt>

  <wpt lat="56.455712020397186" lon="-4.546820959076285">
    <ele>959</ele>
    <time>2020-11-08T10:28:09Z</time>
    <name>Meall Glas</name>
    <cmt>Meall Glas</cmt>
    <desc>Meall Glas</desc>
    <sym>Triangle, Red</sym>
    <type>user</type>
    <extensions>
      <gpxx:WaypointExtension>
        <gpxx:DisplayMode>SymbolAndName</gpxx:DisplayMode>
      </gpxx:WaypointExtension>
      <wptx1:WaypointExtension>
        <wptx1:DisplayMode>SymbolAndName</wptx1:DisplayMode>
      </wptx1:WaypointExtension>
      <ctx:CreationTimeExtension>
        <ctx:CreationTime>2020-11-08T10:28:09Z</ctx:CreationTime>
      </ctx:CreationTimeExtension>
    </extensions>
  </wpt>

  <wpt lat="57.680836971849203" lon="-4.983801003545523">
    <ele>949</ele>
    <time>2020-11-08T10:28:09Z</time>
    <name>Meall Gorm</name>
    <cmt>Meall Gorm</cmt>
    <desc>Meall Gorm</desc>
    <sym>Triangle, Red</sym>
    <type>user</type>
    <extensions>
      <gpxx:WaypointExtension>
        <gpxx:DisplayMode>SymbolAndName</gpxx:DisplayMode>
      </gpxx:WaypointExtension>
      <wptx1:WaypointExtension>
        <wptx1:DisplayMode>SymbolAndName</wptx1:DisplayMode>
      </wptx1:WaypointExtension>
      <ctx:CreationTimeExtension>
        <ctx:CreationTime>2020-11-08T10:28:09Z</ctx:CreationTime>
      </ctx:CreationTimeExtension>
    </extensions>
  </wpt>

  <wpt lat="56.567426025867462" lon="-4.159543002024293">
    <ele>1001</ele>
    <time>2020-11-08T10:28:09Z</time>
    <name>Meall Greigh</name>
    <cmt>Meall Greigh</cmt>
    <desc>Meall Greigh</desc>
    <sym>Triangle, Red</sym>
    <type>user</type>
    <extensions>
      <gpxx:WaypointExtension>
        <gpxx:DisplayMode>SymbolAndName</gpxx:DisplayMode>
      </gpxx:WaypointExtension>
      <wptx1:WaypointExtension>
        <wptx1:DisplayMode>SymbolAndName</wptx1:DisplayMode>
      </wptx1:WaypointExtension>
      <ctx:CreationTimeExtension>
        <ctx:CreationTime>2020-11-08T10:28:09Z</ctx:CreationTime>
      </ctx:CreationTimeExtension>
    </extensions>
  </wpt>

  <wpt lat="56.620618002489209" lon="-4.128740010783076">
    <ele>981</ele>
    <time>2020-11-08T10:28:09Z</time>
    <name>Meall na Aighean</name>
    <cmt>Meall na Aighean</cmt>
    <desc>Meall na Aighean</desc>
    <sym>Triangle, Red</sym>
    <type>user</type>
    <extensions>
      <gpxx:WaypointExtension>
        <gpxx:DisplayMode>SymbolAndName</gpxx:DisplayMode>
      </gpxx:WaypointExtension>
      <wptx1:WaypointExtension>
        <wptx1:DisplayMode>SymbolAndName</wptx1:DisplayMode>
      </wptx1:WaypointExtension>
      <ctx:CreationTimeExtension>
        <ctx:CreationTime>2020-11-08T10:28:09Z</ctx:CreationTime>
      </ctx:CreationTimeExtension>
    </extensions>
  </wpt>

  <wpt lat="56.98911102488637" lon="-4.930945979431272">
    <ele>918</ele>
    <time>2020-11-08T10:28:09Z</time>
    <name>Meall na Teanga</name>
    <cmt>Meall na Teanga</cmt>
    <desc>Meall na Teanga</desc>
    <sym>Triangle, Red</sym>
    <type>user</type>
    <extensions>
      <gpxx:WaypointExtension>
        <gpxx:DisplayMode>SymbolAndName</gpxx:DisplayMode>
      </gpxx:WaypointExtension>
      <wptx1:WaypointExtension>
        <wptx1:DisplayMode>SymbolAndName</wptx1:DisplayMode>
      </wptx1:WaypointExtension>
      <ctx:CreationTimeExtension>
        <ctx:CreationTime>2020-11-08T10:28:09Z</ctx:CreationTime>
      </ctx:CreationTimeExtension>
    </extensions>
  </wpt>

  <wpt lat="57.79850497841835" lon="-4.934044014662504">
    <ele>977</ele>
    <time>2020-11-08T10:28:09Z</time>
    <name>Meall nan Ceapraichean</name>
    <cmt>Meall nan Ceapraichean</cmt>
    <desc>Meall nan Ceapraichean</desc>
    <sym>Triangle, Red</sym>
    <type>user</type>
    <extensions>
      <gpxx:WaypointExtension>
        <gpxx:DisplayMode>SymbolAndName</gpxx:DisplayMode>
      </gpxx:WaypointExtension>
      <wptx1:WaypointExtension>
        <wptx1:DisplayMode>SymbolAndName</wptx1:DisplayMode>
      </wptx1:WaypointExtension>
      <ctx:CreationTimeExtension>
        <ctx:CreationTime>2020-11-08T10:28:09Z</ctx:CreationTime>
      </ctx:CreationTimeExtension>
    </extensions>
  </wpt>

  <wpt lat="56.561176981776953" lon="-4.942893041297793">
    <ele>928</ele>
    <time>2020-11-08T10:28:09Z</time>
    <name>Meall nan Eun</name>
    <cmt>Meall nan Eun</cmt>
    <desc>Meall nan Eun</desc>
    <sym>Triangle, Red</sym>
    <type>user</type>
    <extensions>
      <gpxx:WaypointExtension>
        <gpxx:DisplayMode>SymbolAndName</gpxx:DisplayMode>
      </gpxx:WaypointExtension>
      <wptx1:WaypointExtension>
        <wptx1:DisplayMode>SymbolAndName</wptx1:DisplayMode>
      </wptx1:WaypointExtension>
      <ctx:CreationTimeExtension>
        <ctx:CreationTime>2020-11-08T10:28:09Z</ctx:CreationTime>
      </ctx:CreationTimeExtension>
    </extensions>
  </wpt>

  <wpt lat="56.521654967218637" lon="-4.301343010738492">
    <ele>1043.5</ele>
    <time>2020-11-08T10:28:09Z</time>
    <name>Meall nan Tarmachan</name>
    <cmt>Meall nan Tarmachan</cmt>
    <desc>Meall nan Tarmachan</desc>
    <sym>Triangle, Red</sym>
    <type>user</type>
    <extensions>
      <gpxx:WaypointExtension>
        <gpxx:DisplayMode>SymbolAndName</gpxx:DisplayMode>
      </gpxx:WaypointExtension>
      <wptx1:WaypointExtension>
        <wptx1:DisplayMode>SymbolAndName</wptx1:DisplayMode>
      </wptx1:WaypointExtension>
      <ctx:CreationTimeExtension>
        <ctx:CreationTime>2020-11-08T10:28:09Z</ctx:CreationTime>
      </ctx:CreationTimeExtension>
    </extensions>
  </wpt>

  <wpt lat="57.026791032403708" lon="-3.750086026266217">
    <ele>1113</ele>
    <time>2020-10-20T15:52:10Z</time>
    <name>Monadh Mor</name>
    <cmt>Monadh Mor</cmt>
    <desc>Monadh Mor</desc>
    <sym>Triangle, Red</sym>
    <type>user</type>
    <extensions>
      <gpxx:WaypointExtension>
        <gpxx:DisplayMode>SymbolAndName</gpxx:DisplayMode>
      </gpxx:WaypointExtension>
      <wptx1:WaypointExtension>
        <wptx1:DisplayMode>SymbolAndName</wptx1:DisplayMode>
      </wptx1:WaypointExtension>
      <ctx:CreationTimeExtension>
        <ctx:CreationTime>2020-10-20T15:52:10Z</ctx:CreationTime>
      </ctx:CreationTimeExtension>
    </extensions>
  </wpt>

  <wpt lat="57.499712007120252" lon="-5.17063002102077">
    <ele>928</ele>
    <time>2020-11-08T10:28:09Z</time>
    <name>Moruisg</name>
    <cmt>Moruisg</cmt>
    <desc>Moruisg</desc>
    <sym>Triangle, Red</sym>
    <type>user</type>
    <extensions>
      <gpxx:WaypointExtension>
        <gpxx:DisplayMode>SymbolAndName</gpxx:DisplayMode>
      </gpxx:WaypointExtension>
      <wptx1:WaypointExtension>
        <wptx1:DisplayMode>SymbolAndName</wptx1:DisplayMode>
      </wptx1:WaypointExtension>
      <ctx:CreationTimeExtension>
        <ctx:CreationTime>2020-11-08T10:28:09Z</ctx:CreationTime>
      </ctx:CreationTimeExtension>
    </extensions>
  </wpt>

  <wpt lat="56.969751007854939" lon="-2.973621971905232">
    <ele>939</ele>
    <time>2020-11-08T10:28:09Z</time>
    <name>Mount Keen</name>
    <cmt>Mount Keen</cmt>
    <desc>Mount Keen</desc>
    <sym>Triangle, Red</sym>
    <type>user</type>
    <extensions>
      <gpxx:WaypointExtension>
        <gpxx:DisplayMode>SymbolAndName</gpxx:DisplayMode>
      </gpxx:WaypointExtension>
      <wptx1:WaypointExtension>
        <wptx1:DisplayMode>SymbolAndName</wptx1:DisplayMode>
      </wptx1:WaypointExtension>
      <ctx:CreationTimeExtension>
        <ctx:CreationTime>2020-11-08T10:28:09Z</ctx:CreationTime>
      </ctx:CreationTimeExtension>
    </extensions>
  </wpt>

  <wpt lat="57.011879039928317" lon="-3.841270990669727">
    <ele>1019</ele>
    <time>2020-11-08T10:28:09Z</time>
    <name>Mullach Clach a'Bhlair</name>
    <cmt>Mullach Clach a'Bhlair</cmt>
    <desc>Mullach Clach a'Bhlair</desc>
    <sym>Triangle, Red</sym>
    <type>user</type>
    <extensions>
      <gpxx:WaypointExtension>
        <gpxx:DisplayMode>SymbolAndName</gpxx:DisplayMode>
      </gpxx:WaypointExtension>
      <wptx1:WaypointExtension>
        <wptx1:DisplayMode>SymbolAndName</wptx1:DisplayMode>
      </wptx1:WaypointExtension>
      <ctx:CreationTimeExtension>
        <ctx:CreationTime>2020-11-08T10:28:09Z</ctx:CreationTime>
      </ctx:CreationTimeExtension>
    </extensions>
  </wpt>

  <wpt lat="57.709021959453821" lon="-5.271342024207115">
    <ele>1015.2</ele>
    <time>2020-11-08T10:28:09Z</time>
    <name>Mullach Coire Mhic Fhearchair</name>
    <cmt>Mullach Coire Mhic Fhearchair</cmt>
    <desc>Mullach Coire Mhic Fhearchair</desc>
    <sym>Triangle, Red</sym>
    <type>user</type>
    <extensions>
      <gpxx:WaypointExtension>
        <gpxx:DisplayMode>SymbolAndName</gpxx:DisplayMode>
      </gpxx:WaypointExtension>
      <wptx1:WaypointExtension>
        <wptx1:DisplayMode>SymbolAndName</wptx1:DisplayMode>
      </wptx1:WaypointExtension>
      <ctx:CreationTimeExtension>
        <ctx:CreationTime>2020-11-08T10:28:09Z</ctx:CreationTime>
      </ctx:CreationTimeExtension>
    </extensions>
  </wpt>

  <wpt lat="57.205450041219592" lon="-5.155691038817167">
    <ele>1102</ele>
    <time>2020-11-08T10:28:09Z</time>
    <name>Mullach Fraoch-choire</name>
    <cmt>Mullach Fraoch-choire</cmt>
    <desc>Mullach Fraoch-choire</desc>
    <sym>Triangle, Red</sym>
    <type>user</type>
    <extensions>
      <gpxx:WaypointExtension>
        <gpxx:DisplayMode>SymbolAndName</gpxx:DisplayMode>
      </gpxx:WaypointExtension>
      <wptx1:WaypointExtension>
        <wptx1:DisplayMode>SymbolAndName</wptx1:DisplayMode>
      </wptx1:WaypointExtension>
      <ctx:CreationTimeExtension>
        <ctx:CreationTime>2020-11-08T10:28:09Z</ctx:CreationTime>
      </ctx:CreationTimeExtension>
    </extensions>
  </wpt>

  <wpt lat="57.283398974686861" lon="-5.186350028961897">
    <ele>982</ele>
    <time>2020-11-08T10:28:09Z</time>
    <name>Mullach na Dheiragain</name>
    <cmt>Mullach na Dheiragain</cmt>
    <desc>Mullach na Dheiragain</desc>
    <sym>Triangle, Red</sym>
    <type>user</type>
    <extensions>
      <gpxx:WaypointExtension>
        <gpxx:DisplayMode>SymbolAndName</gpxx:DisplayMode>
      </gpxx:WaypointExtension>
      <wptx1:WaypointExtension>
        <wptx1:DisplayMode>SymbolAndName</wptx1:DisplayMode>
      </wptx1:WaypointExtension>
      <ctx:CreationTimeExtension>
        <ctx:CreationTime>2020-11-08T10:28:09Z</ctx:CreationTime>
      </ctx:CreationTimeExtension>
    </extensions>
  </wpt>

  <wpt lat="56.749867033213377" lon="-5.072381040081382">
    <ele>939</ele>
    <time>2020-11-08T10:28:09Z</time>
    <name>Mullach nan Coirean</name>
    <cmt>Mullach nan Coirean</cmt>
    <desc>Mullach nan Coirean</desc>
    <sym>Triangle, Red</sym>
    <type>user</type>
    <extensions>
      <gpxx:WaypointExtension>
        <gpxx:DisplayMode>SymbolAndName</gpxx:DisplayMode>
      </gpxx:WaypointExtension>
      <wptx1:WaypointExtension>
        <wptx1:DisplayMode>SymbolAndName</wptx1:DisplayMode>
      </wptx1:WaypointExtension>
      <ctx:CreationTimeExtension>
        <ctx:CreationTime>2020-11-08T10:28:09Z</ctx:CreationTime>
      </ctx:CreationTimeExtension>
    </extensions>
  </wpt>

  <wpt lat="56.743686972185969" lon="-4.939874969422817">
    <ele>1054.2</ele>
    <time>2020-11-08T10:28:09Z</time>
    <name>Na Gruagaichean</name>
    <cmt>Na Gruagaichean</cmt>
    <desc>Na Gruagaichean</desc>
    <sym>Triangle, Red</sym>
    <type>user</type>
    <extensions>
      <gpxx:WaypointExtension>
        <gpxx:DisplayMode>SymbolAndName</gpxx:DisplayMode>
      </gpxx:WaypointExtension>
      <wptx1:WaypointExtension>
        <wptx1:DisplayMode>SymbolAndName</wptx1:DisplayMode>
      </wptx1:WaypointExtension>
      <ctx:CreationTimeExtension>
        <ctx:CreationTime>2020-11-08T10:28:09Z</ctx:CreationTime>
      </ctx:CreationTimeExtension>
    </extensions>
  </wpt>

  <wpt lat="57.726781032979488" lon="-5.329287964850664">
    <ele>918.70000000000005</ele>
    <time>2020-11-08T10:28:09Z</time>
    <name>Ruadh Stac Mor</name>
    <cmt>Ruadh Stac Mor</cmt>
    <desc>Ruadh Stac Mor</desc>
    <sym>Triangle, Red</sym>
    <type>user</type>
    <extensions>
      <gpxx:WaypointExtension>
        <gpxx:DisplayMode>SymbolAndName</gpxx:DisplayMode>
      </gpxx:WaypointExtension>
      <wptx1:WaypointExtension>
        <wptx1:DisplayMode>SymbolAndName</wptx1:DisplayMode>
      </wptx1:WaypointExtension>
      <ctx:CreationTimeExtension>
        <ctx:CreationTime>2020-11-08T10:28:09Z</ctx:CreationTime>
      </ctx:CreationTimeExtension>
    </extensions>
  </wpt>

  <wpt lat="57.191803967580199" lon="-5.091097997501493">
    <ele>1002</ele>
    <time>2020-11-08T10:28:09Z</time>
    <name>Sail Chaorainn (Sail Chaoruinn)</name>
    <cmt>Sail Chaorainn (Sail Chaoruinn)</cmt>
    <desc>Sail Chaorainn (Sail Chaoruinn)</desc>
    <sym>Triangle, Red</sym>
    <type>user</type>
    <extensions>
      <gpxx:WaypointExtension>
        <gpxx:DisplayMode>SymbolAndName</gpxx:DisplayMode>
      </gpxx:WaypointExtension>
      <wptx1:WaypointExtension>
        <wptx1:DisplayMode>SymbolAndName</wptx1:DisplayMode>
      </wptx1:WaypointExtension>
      <ctx:CreationTimeExtension>
        <ctx:CreationTime>2020-11-08T10:28:09Z</ctx:CreationTime>
      </ctx:CreationTimeExtension>
    </extensions>
  </wpt>

  <wpt lat="57.181273028254509" lon="-5.281314980238676">
    <ele>956</ele>
    <time>2020-11-08T10:28:09Z</time>
    <name>Saileag</name>
    <cmt>Saileag</cmt>
    <desc>Saileag</desc>
    <sym>Triangle, Red</sym>
    <type>user</type>
    <extensions>
      <gpxx:WaypointExtension>
        <gpxx:DisplayMode>SymbolAndName</gpxx:DisplayMode>
      </gpxx:WaypointExtension>
      <wptx1:WaypointExtension>
        <wptx1:DisplayMode>SymbolAndName</wptx1:DisplayMode>
      </wptx1:WaypointExtension>
      <ctx:CreationTimeExtension>
        <ctx:CreationTime>2020-11-08T10:28:09Z</ctx:CreationTime>
      </ctx:CreationTimeExtension>
    </extensions>
  </wpt>

  <wpt lat="56.66694201529026" lon="-4.100213041529059">
    <ele>1083</ele>
    <time>2020-11-08T10:28:09Z</time>
    <name>Schiehallion</name>
    <cmt>Schiehallion</cmt>
    <desc>Schiehallion</desc>
    <sym>Triangle, Red</sym>
    <type>user</type>
    <extensions>
      <gpxx:WaypointExtension>
        <gpxx:DisplayMode>SymbolAndName</gpxx:DisplayMode>
      </gpxx:WaypointExtension>
      <wptx1:WaypointExtension>
        <wptx1:DisplayMode>SymbolAndName</wptx1:DisplayMode>
      </wptx1:WaypointExtension>
      <ctx:CreationTimeExtension>
        <ctx:CreationTime>2020-11-08T10:28:09Z</ctx:CreationTime>
      </ctx:CreationTimeExtension>
    </extensions>
  </wpt>

  <wpt lat="57.847321014851332" lon="-4.896635999903083">
    <ele>926</ele>
    <time>2020-11-08T10:28:09Z</time>
    <name>Seana Bhraigh</name>
    <cmt>Seana Bhraigh</cmt>
    <desc>Seana Bhraigh</desc>
    <sym>Triangle, Red</sym>
    <type>user</type>
    <extensions>
      <gpxx:WaypointExtension>
        <gpxx:DisplayMode>SymbolAndName</gpxx:DisplayMode>
      </gpxx:WaypointExtension>
      <wptx1:WaypointExtension>
        <wptx1:DisplayMode>SymbolAndName</wptx1:DisplayMode>
      </wptx1:WaypointExtension>
      <ctx:CreationTimeExtension>
        <ctx:CreationTime>2020-11-08T10:28:09Z</ctx:CreationTime>
      </ctx:CreationTimeExtension>
    </extensions>
  </wpt>

  <wpt lat="56.828447040170431" lon="-4.297792017459869">
    <ele>991</ele>
    <time>2020-11-08T10:28:09Z</time>
    <name>Sgairneach Mhor</name>
    <cmt>Sgairneach Mhor</cmt>
    <desc>Sgairneach Mhor</desc>
    <sym>Triangle, Red</sym>
    <type>user</type>
    <extensions>
      <gpxx:WaypointExtension>
        <gpxx:DisplayMode>SymbolAndName</gpxx:DisplayMode>
      </gpxx:WaypointExtension>
      <wptx1:WaypointExtension>
        <wptx1:DisplayMode>SymbolAndName</wptx1:DisplayMode>
      </wptx1:WaypointExtension>
      <ctx:CreationTimeExtension>
        <ctx:CreationTime>2020-11-08T10:28:09Z</ctx:CreationTime>
      </ctx:CreationTimeExtension>
    </extensions>
  </wpt>

  <wpt lat="56.453149002045393" lon="-4.49565296061337">
    <ele>920</ele>
    <time>2020-11-08T10:28:09Z</time>
    <name>Sgiath Chuil</name>
    <cmt>Sgiath Chuil</cmt>
    <desc>Sgiath Chuil</desc>
    <sym>Triangle, Red</sym>
    <type>user</type>
    <extensions>
      <gpxx:WaypointExtension>
        <gpxx:DisplayMode>SymbolAndName</gpxx:DisplayMode>
      </gpxx:WaypointExtension>
      <wptx1:WaypointExtension>
        <wptx1:DisplayMode>SymbolAndName</wptx1:DisplayMode>
      </wptx1:WaypointExtension>
      <ctx:CreationTimeExtension>
        <ctx:CreationTime>2020-11-08T10:28:09Z</ctx:CreationTime>
      </ctx:CreationTimeExtension>
    </extensions>
  </wpt>

  <wpt lat="57.058369014412165" lon="-3.725797031074762">
    <ele>1258</ele>
    <time>2020-11-08T10:28:09Z</time>
    <name>Sgor an Lochain Uaine1</name>
    <cmt>Sgor an Lochain Uaine</cmt>
    <desc>Sgor an Lochain Uaine</desc>
    <sym>Triangle, Red</sym>
    <type>user</type>
    <extensions>
      <gpxx:WaypointExtension>
        <gpxx:DisplayMode>SymbolAndName</gpxx:DisplayMode>
      </gpxx:WaypointExtension>
      <wptx1:WaypointExtension>
        <wptx1:DisplayMode>SymbolAndName</wptx1:DisplayMode>
      </wptx1:WaypointExtension>
      <ctx:CreationTimeExtension>
        <ctx:CreationTime>2020-11-08T10:28:09Z</ctx:CreationTime>
      </ctx:CreationTimeExtension>
    </extensions>
  </wpt>

  <wpt lat="56.772544020786881" lon="-4.546498004347086">
    <ele>955</ele>
    <time>2020-11-08T10:28:09Z</time>
    <name>Sgor Gaibhre</name>
    <cmt>Sgor Gaibhre</cmt>
    <desc>Sgor Gaibhre</desc>
    <sym>Triangle, Red</sym>
    <type>user</type>
    <extensions>
      <gpxx:WaypointExtension>
        <gpxx:DisplayMode>SymbolAndName</gpxx:DisplayMode>
      </gpxx:WaypointExtension>
      <wptx1:WaypointExtension>
        <wptx1:DisplayMode>SymbolAndName</wptx1:DisplayMode>
      </wptx1:WaypointExtension>
      <ctx:CreationTimeExtension>
        <ctx:CreationTime>2020-11-08T10:28:09Z</ctx:CreationTime>
      </ctx:CreationTimeExtension>
    </extensions>
  </wpt>

  <wpt lat="57.068560989573598" lon="-3.810855997726321">
    <ele>1118</ele>
    <time>2020-10-20T15:52:10Z</time>
    <name>Sgor Gaoith</name>
    <cmt>Sgor Gaoith</cmt>
    <desc>Sgor Gaoith</desc>
    <sym>Triangle, Red</sym>
    <type>user</type>
    <extensions>
      <gpxx:WaypointExtension>
        <gpxx:DisplayMode>SymbolAndName</gpxx:DisplayMode>
      </gpxx:WaypointExtension>
      <wptx1:WaypointExtension>
        <wptx1:DisplayMode>SymbolAndName</wptx1:DisplayMode>
      </wptx1:WaypointExtension>
      <ctx:CreationTimeExtension>
        <ctx:CreationTime>2020-10-20T15:52:10Z</ctx:CreationTime>
      </ctx:CreationTimeExtension>
    </extensions>
  </wpt>

  <wpt lat="56.619813004508615" lon="-5.080077974125743">
    <ele>994</ele>
    <time>2020-11-08T10:28:09Z</time>
    <name>Sgor na h-Ulaidh</name>
    <cmt>Sgor na h-Ulaidh</cmt>
    <desc>Sgor na h-Ulaidh</desc>
    <sym>Triangle, Red</sym>
    <type>user</type>
    <extensions>
      <gpxx:WaypointExtension>
        <gpxx:DisplayMode>SymbolAndName</gpxx:DisplayMode>
      </gpxx:WaypointExtension>
      <wptx1:WaypointExtension>
        <wptx1:DisplayMode>SymbolAndName</wptx1:DisplayMode>
      </wptx1:WaypointExtension>
      <ctx:CreationTimeExtension>
        <ctx:CreationTime>2020-11-08T10:28:09Z</ctx:CreationTime>
      </ctx:CreationTimeExtension>
    </extensions>
  </wpt>

  <wpt lat="57.498622024431825" lon="-5.407747020944953">
    <ele>960.70000000000005</ele>
    <time>2020-11-08T10:28:09Z</time>
    <name>Sgorr Ruadh</name>
    <cmt>Sgorr Ruadh</cmt>
    <desc>Sgorr Ruadh</desc>
    <sym>Triangle, Red</sym>
    <type>user</type>
    <extensions>
      <gpxx:WaypointExtension>
        <gpxx:DisplayMode>SymbolAndName</gpxx:DisplayMode>
      </gpxx:WaypointExtension>
      <wptx1:WaypointExtension>
        <wptx1:DisplayMode>SymbolAndName</wptx1:DisplayMode>
      </wptx1:WaypointExtension>
      <ctx:CreationTimeExtension>
        <ctx:CreationTime>2020-11-08T10:28:09Z</ctx:CreationTime>
      </ctx:CreationTimeExtension>
    </extensions>
  </wpt>

  <wpt lat="57.177824964746833" lon="-5.252176970243454">
    <ele>1036</ele>
    <time>2020-11-08T10:28:09Z</time>
    <name>Sgurr a'Bhealaich Dheirg</name>
    <cmt>Sgurr a'Bhealaich Dheirg</cmt>
    <desc>Sgurr a'Bhealaich Dheirg</desc>
    <sym>Triangle, Red</sym>
    <type>user</type>
    <extensions>
      <gpxx:WaypointExtension>
        <gpxx:DisplayMode>SymbolAndName</gpxx:DisplayMode>
      </gpxx:WaypointExtension>
      <wptx1:WaypointExtension>
        <wptx1:DisplayMode>SymbolAndName</wptx1:DisplayMode>
      </wptx1:WaypointExtension>
      <ctx:CreationTimeExtension>
        <ctx:CreationTime>2020-11-08T10:28:09Z</ctx:CreationTime>
      </ctx:CreationTimeExtension>
    </extensions>
  </wpt>

  <wpt lat="57.452491968870163" lon="-5.18930003978312">
    <ele>1053</ele>
    <time>2020-11-08T10:28:09Z</time>
    <name>Sgurr a'Chaorachain</name>
    <cmt>Sgurr a'Chaorachain</cmt>
    <desc>Sgurr a'Chaorachain</desc>
    <sym>Triangle, Red</sym>
    <type>user</type>
    <extensions>
      <gpxx:WaypointExtension>
        <gpxx:DisplayMode>SymbolAndName</gpxx:DisplayMode>
      </gpxx:WaypointExtension>
      <wptx1:WaypointExtension>
        <wptx1:DisplayMode>SymbolAndName</wptx1:DisplayMode>
      </wptx1:WaypointExtension>
      <ctx:CreationTimeExtension>
        <ctx:CreationTime>2020-11-08T10:28:09Z</ctx:CreationTime>
      </ctx:CreationTimeExtension>
    </extensions>
  </wpt>

  <wpt lat="57.443947037681937" lon="-4.902962995693088">
    <ele>1083</ele>
    <time>2020-11-08T10:28:09Z</time>
    <name>Sgurr a'Choire Ghlais</name>
    <cmt>Sgurr a'Choire Ghlais</cmt>
    <desc>Sgurr a'Choire Ghlais</desc>
    <sym>Triangle, Red</sym>
    <type>user</type>
    <extensions>
      <gpxx:WaypointExtension>
        <gpxx:DisplayMode>SymbolAndName</gpxx:DisplayMode>
      </gpxx:WaypointExtension>
      <wptx1:WaypointExtension>
        <wptx1:DisplayMode>SymbolAndName</wptx1:DisplayMode>
      </wptx1:WaypointExtension>
      <ctx:CreationTimeExtension>
        <ctx:CreationTime>2020-11-08T10:28:09Z</ctx:CreationTime>
      </ctx:CreationTimeExtension>
    </extensions>
  </wpt>

  <wpt lat="57.227285988628864" lon="-6.234438037499785">
    <ele>973</ele>
    <time>2020-11-08T10:28:09Z</time>
    <name>Sgurr a'Ghreadaidh</name>
    <cmt>Sgurr a'Ghreadaidh</cmt>
    <desc>Sgurr a'Ghreadaidh</desc>
    <sym>Triangle, Red</sym>
    <type>user</type>
    <extensions>
      <gpxx:WaypointExtension>
        <gpxx:DisplayMode>SymbolAndName</gpxx:DisplayMode>
      </gpxx:WaypointExtension>
      <wptx1:WaypointExtension>
        <wptx1:DisplayMode>SymbolAndName</wptx1:DisplayMode>
      </wptx1:WaypointExtension>
      <ctx:CreationTimeExtension>
        <ctx:CreationTime>2020-11-08T10:28:09Z</ctx:CreationTime>
      </ctx:CreationTimeExtension>
    </extensions>
  </wpt>

  <wpt lat="57.230869000777602" lon="-6.231931010261178">
    <ele>918</ele>
    <time>2020-11-08T10:28:09Z</time>
    <name>Sgurr a'Mhadaidh</name>
    <cmt>Sgurr a'Mhadaidh</cmt>
    <desc>Sgurr a'Mhadaidh</desc>
    <sym>Triangle, Red</sym>
    <type>user</type>
    <extensions>
      <gpxx:WaypointExtension>
        <gpxx:DisplayMode>SymbolAndName</gpxx:DisplayMode>
      </gpxx:WaypointExtension>
      <wptx1:WaypointExtension>
        <wptx1:DisplayMode>SymbolAndName</wptx1:DisplayMode>
      </wptx1:WaypointExtension>
      <ctx:CreationTimeExtension>
        <ctx:CreationTime>2020-11-08T10:28:09Z</ctx:CreationTime>
      </ctx:CreationTimeExtension>
    </extensions>
  </wpt>

  <wpt lat="56.755920024588704" lon="-5.003673993051052">
    <ele>1099</ele>
    <time>2020-11-08T10:28:09Z</time>
    <name>Sgurr a'Mhaim</name>
    <cmt>Sgurr a'Mhaim</cmt>
    <desc>Sgurr a'Mhaim</desc>
    <sym>Triangle, Red</sym>
    <type>user</type>
    <extensions>
      <gpxx:WaypointExtension>
        <gpxx:DisplayMode>SymbolAndName</gpxx:DisplayMode>
      </gpxx:WaypointExtension>
      <wptx1:WaypointExtension>
        <wptx1:DisplayMode>SymbolAndName</wptx1:DisplayMode>
      </wptx1:WaypointExtension>
      <ctx:CreationTimeExtension>
        <ctx:CreationTime>2020-11-08T10:28:09Z</ctx:CreationTime>
      </ctx:CreationTimeExtension>
    </extensions>
  </wpt>

  <wpt lat="57.105572959408164" lon="-5.330434022471309">
    <ele>1027</ele>
    <time>2020-11-08T10:28:09Z</time>
    <name>Sgurr a'Mhaoraich</name>
    <cmt>Sgurr a'Mhaoraich</cmt>
    <desc>Sgurr a'Mhaoraich</desc>
    <sym>Triangle, Red</sym>
    <type>user</type>
    <extensions>
      <gpxx:WaypointExtension>
        <gpxx:DisplayMode>SymbolAndName</gpxx:DisplayMode>
      </gpxx:WaypointExtension>
      <wptx1:WaypointExtension>
        <wptx1:DisplayMode>SymbolAndName</wptx1:DisplayMode>
      </wptx1:WaypointExtension>
      <ctx:CreationTimeExtension>
        <ctx:CreationTime>2020-11-08T10:28:09Z</ctx:CreationTime>
      </ctx:CreationTimeExtension>
    </extensions>
  </wpt>

  <wpt lat="57.206598026677966" lon="-6.224143970757723">
    <ele>992</ele>
    <time>2020-11-08T10:28:09Z</time>
    <name>Sgurr Alasdair</name>
    <cmt>Sgurr Alasdair</cmt>
    <desc>Sgurr Alasdair</desc>
    <sym>Triangle, Red</sym>
    <type>user</type>
    <extensions>
      <gpxx:WaypointExtension>
        <gpxx:DisplayMode>SymbolAndName</gpxx:DisplayMode>
      </gpxx:WaypointExtension>
      <wptx1:WaypointExtension>
        <wptx1:DisplayMode>SymbolAndName</wptx1:DisplayMode>
      </wptx1:WaypointExtension>
      <ctx:CreationTimeExtension>
        <ctx:CreationTime>2020-11-08T10:28:09Z</ctx:CreationTime>
      </ctx:CreationTimeExtension>
    </extensions>
  </wpt>

  <wpt lat="57.136861011385918" lon="-5.281529976055026">
    <ele>1010</ele>
    <time>2020-11-08T10:28:09Z</time>
    <name>Sgurr an Doire Leathain</name>
    <cmt>Sgurr an Doire Leathain</cmt>
    <desc>Sgurr an Doire Leathain</desc>
    <sym>Triangle, Red</sym>
    <type>user</type>
    <extensions>
      <gpxx:WaypointExtension>
        <gpxx:DisplayMode>SymbolAndName</gpxx:DisplayMode>
      </gpxx:WaypointExtension>
      <wptx1:WaypointExtension>
        <wptx1:DisplayMode>SymbolAndName</wptx1:DisplayMode>
      </wptx1:WaypointExtension>
      <ctx:CreationTimeExtension>
        <ctx:CreationTime>2020-11-08T10:28:09Z</ctx:CreationTime>
      </ctx:CreationTimeExtension>
    </extensions>
  </wpt>

  <wpt lat="57.141240974888206" lon="-5.297528011724353">
    <ele>1004</ele>
    <time>2020-11-08T10:28:09Z</time>
    <name>Sgurr an Lochain</name>
    <cmt>Sgurr an Lochain</cmt>
    <desc>Sgurr an Lochain</desc>
    <sym>Triangle, Red</sym>
    <type>user</type>
    <extensions>
      <gpxx:WaypointExtension>
        <gpxx:DisplayMode>SymbolAndName</gpxx:DisplayMode>
      </gpxx:WaypointExtension>
      <wptx1:WaypointExtension>
        <wptx1:DisplayMode>SymbolAndName</wptx1:DisplayMode>
      </wptx1:WaypointExtension>
      <ctx:CreationTimeExtension>
        <ctx:CreationTime>2020-11-08T10:28:09Z</ctx:CreationTime>
      </ctx:CreationTimeExtension>
    </extensions>
  </wpt>

  <wpt lat="57.718538017943501" lon="-5.265903007239103">
    <ele>989</ele>
    <time>2020-11-08T10:28:09Z</time>
    <name>Sgurr Ban</name>
    <cmt>Sgurr Ban</cmt>
    <desc>Sgurr Ban</desc>
    <sym>Triangle, Red</sym>
    <type>user</type>
    <extensions>
      <gpxx:WaypointExtension>
        <gpxx:DisplayMode>SymbolAndName</gpxx:DisplayMode>
      </gpxx:WaypointExtension>
      <wptx1:WaypointExtension>
        <wptx1:DisplayMode>SymbolAndName</wptx1:DisplayMode>
      </wptx1:WaypointExtension>
      <ctx:CreationTimeExtension>
        <ctx:CreationTime>2020-11-08T10:28:09Z</ctx:CreationTime>
      </ctx:CreationTimeExtension>
    </extensions>
  </wpt>

  <wpt lat="57.692050030454993" lon="-5.091722030192614">
    <ele>999</ele>
    <time>2020-11-08T10:28:09Z</time>
    <name>Sgurr Breac</name>
    <cmt>Sgurr Breac</cmt>
    <desc>Sgurr Breac</desc>
    <sym>Triangle, Red</sym>
    <type>user</type>
    <extensions>
      <gpxx:WaypointExtension>
        <gpxx:DisplayMode>SymbolAndName</gpxx:DisplayMode>
      </gpxx:WaypointExtension>
      <wptx1:WaypointExtension>
        <wptx1:DisplayMode>SymbolAndName</wptx1:DisplayMode>
      </wptx1:WaypointExtension>
      <ctx:CreationTimeExtension>
        <ctx:CreationTime>2020-11-08T10:28:09Z</ctx:CreationTime>
      </ctx:CreationTimeExtension>
    </extensions>
  </wpt>

  <wpt lat="57.451025974005461" lon="-5.207915995270014">
    <ele>999.20000000000005</ele>
    <time>2020-11-08T10:28:09Z</time>
    <name>Sgurr Choinnich</name>
    <cmt>Sgurr Choinnich</cmt>
    <desc>Sgurr Choinnich</desc>
    <sym>Triangle, Red</sym>
    <type>user</type>
    <extensions>
      <gpxx:WaypointExtension>
        <gpxx:DisplayMode>SymbolAndName</gpxx:DisplayMode>
      </gpxx:WaypointExtension>
      <wptx1:WaypointExtension>
        <wptx1:DisplayMode>SymbolAndName</wptx1:DisplayMode>
      </wptx1:WaypointExtension>
      <ctx:CreationTimeExtension>
        <ctx:CreationTime>2020-11-08T10:28:09Z</ctx:CreationTime>
      </ctx:CreationTimeExtension>
    </extensions>
  </wpt>

  <wpt lat="56.800431031733751" lon="-4.903943007811904">
    <ele>1094</ele>
    <time>2020-11-08T10:28:09Z</time>
    <name>Sgurr Choinnich Mor</name>
    <cmt>Sgurr Choinnich Mor</cmt>
    <desc>Sgurr Choinnich Mor</desc>
    <sym>Triangle, Red</sym>
    <type>user</type>
    <extensions>
      <gpxx:WaypointExtension>
        <gpxx:DisplayMode>SymbolAndName</gpxx:DisplayMode>
      </gpxx:WaypointExtension>
      <wptx1:WaypointExtension>
        <wptx1:DisplayMode>SymbolAndName</wptx1:DisplayMode>
      </wptx1:WaypointExtension>
      <ctx:CreationTimeExtension>
        <ctx:CreationTime>2020-11-08T10:28:09Z</ctx:CreationTime>
      </ctx:CreationTimeExtension>
    </extensions>
  </wpt>

  <wpt lat="57.213270021602511" lon="-6.234818994998932">
    <ele>986</ele>
    <time>2020-11-08T10:28:09Z</time>
    <name>Sgurr Dearg-Inaccessible Pinnacle</name>
    <cmt>Sgurr Dearg-Inaccessible Pinnacle</cmt>
    <desc>Sgurr Dearg-Inaccessible Pinnacle</desc>
    <sym>Triangle, Red</sym>
    <type>user</type>
    <extensions>
      <gpxx:WaypointExtension>
        <gpxx:DisplayMode>SymbolAndName</gpxx:DisplayMode>
      </gpxx:WaypointExtension>
      <wptx1:WaypointExtension>
        <wptx1:DisplayMode>SymbolAndName</wptx1:DisplayMode>
      </wptx1:WaypointExtension>
      <ctx:CreationTimeExtension>
        <ctx:CreationTime>2020-11-08T10:28:09Z</ctx:CreationTime>
      </ctx:CreationTimeExtension>
    </extensions>
  </wpt>

  <wpt lat="57.204893985763192" lon="-6.211420996114612">
    <ele>944</ele>
    <time>2020-11-08T10:28:09Z</time>
    <name>Sgurr Dubh Mor</name>
    <cmt>Sgurr Dubh Mor</cmt>
    <desc>Sgurr Dubh Mor</desc>
    <sym>Triangle, Red</sym>
    <type>user</type>
    <extensions>
      <gpxx:WaypointExtension>
        <gpxx:DisplayMode>SymbolAndName</gpxx:DisplayMode>
      </gpxx:WaypointExtension>
      <wptx1:WaypointExtension>
        <wptx1:DisplayMode>SymbolAndName</wptx1:DisplayMode>
      </wptx1:WaypointExtension>
      <ctx:CreationTimeExtension>
        <ctx:CreationTime>2020-11-08T10:28:09Z</ctx:CreationTime>
      </ctx:CreationTimeExtension>
    </extensions>
  </wpt>

  <wpt lat="56.75002402625978" lon="-4.895452978089452">
    <ele>1010</ele>
    <time>2020-11-08T10:28:09Z</time>
    <name>Sgurr Eilde Mor</name>
    <cmt>Sgurr Eilde Mor</cmt>
    <desc>Sgurr Eilde Mor</desc>
    <sym>Triangle, Red</sym>
    <type>user</type>
    <extensions>
      <gpxx:WaypointExtension>
        <gpxx:DisplayMode>SymbolAndName</gpxx:DisplayMode>
      </gpxx:WaypointExtension>
      <wptx1:WaypointExtension>
        <wptx1:DisplayMode>SymbolAndName</wptx1:DisplayMode>
      </wptx1:WaypointExtension>
      <ctx:CreationTimeExtension>
        <ctx:CreationTime>2020-11-08T10:28:09Z</ctx:CreationTime>
      </ctx:CreationTimeExtension>
    </extensions>
  </wpt>

  <wpt lat="57.449680007994175" lon="-4.941780008375645">
    <ele>1049</ele>
    <time>2020-11-08T10:28:09Z</time>
    <name>Sgurr Fhuar-thuill</name>
    <cmt>Sgurr Fhuar-thuill</cmt>
    <desc>Sgurr Fhuar-thuill</desc>
    <sym>Triangle, Red</sym>
    <type>user</type>
    <extensions>
      <gpxx:WaypointExtension>
        <gpxx:DisplayMode>SymbolAndName</gpxx:DisplayMode>
      </gpxx:WaypointExtension>
      <wptx1:WaypointExtension>
        <wptx1:DisplayMode>SymbolAndName</wptx1:DisplayMode>
      </wptx1:WaypointExtension>
      <ctx:CreationTimeExtension>
        <ctx:CreationTime>2020-11-08T10:28:09Z</ctx:CreationTime>
      </ctx:CreationTimeExtension>
    </extensions>
  </wpt>

  <wpt lat="57.196132969111204" lon="-5.347616001963615">
    <ele>1067</ele>
    <time>2020-11-08T10:28:09Z</time>
    <name>Sgurr Fhuaran</name>
    <cmt>Sgurr Fhuaran</cmt>
    <desc>Sgurr Fhuaran</desc>
    <sym>Triangle, Red</sym>
    <type>user</type>
    <extensions>
      <gpxx:WaypointExtension>
        <gpxx:DisplayMode>SymbolAndName</gpxx:DisplayMode>
      </gpxx:WaypointExtension>
      <wptx1:WaypointExtension>
        <wptx1:DisplayMode>SymbolAndName</wptx1:DisplayMode>
      </wptx1:WaypointExtension>
      <ctx:CreationTimeExtension>
        <ctx:CreationTime>2020-11-08T10:28:09Z</ctx:CreationTime>
      </ctx:CreationTimeExtension>
    </extensions>
  </wpt>

  <wpt lat="57.208963986486197" lon="-6.224099965766072">
    <ele>948</ele>
    <time>2020-11-08T10:28:09Z</time>
    <name>Sgurr Mhic Choinnich</name>
    <cmt>Sgurr Mhic Choinnich</cmt>
    <desc>Sgurr Mhic Choinnich</desc>
    <sym>Triangle, Red</sym>
    <type>user</type>
    <extensions>
      <gpxx:WaypointExtension>
        <gpxx:DisplayMode>SymbolAndName</gpxx:DisplayMode>
      </gpxx:WaypointExtension>
      <wptx1:WaypointExtension>
        <wptx1:DisplayMode>SymbolAndName</wptx1:DisplayMode>
      </wptx1:WaypointExtension>
      <ctx:CreationTimeExtension>
        <ctx:CreationTime>2020-11-08T10:28:09Z</ctx:CreationTime>
      </ctx:CreationTimeExtension>
    </extensions>
  </wpt>

  <wpt lat="57.700134040787816" lon="-5.016748001798987">
    <ele>1108</ele>
    <time>2020-11-08T10:28:09Z</time>
    <name>Sgurr Mor</name>
    <cmt>Sgurr Mor</cmt>
    <desc>Sgurr Mor</desc>
    <sym>Triangle, Red</sym>
    <type>user</type>
    <extensions>
      <gpxx:WaypointExtension>
        <gpxx:DisplayMode>SymbolAndName</gpxx:DisplayMode>
      </gpxx:WaypointExtension>
      <wptx1:WaypointExtension>
        <wptx1:DisplayMode>SymbolAndName</wptx1:DisplayMode>
      </wptx1:WaypointExtension>
      <ctx:CreationTimeExtension>
        <ctx:CreationTime>2020-11-08T10:28:09Z</ctx:CreationTime>
      </ctx:CreationTimeExtension>
    </extensions>
  </wpt>

  <wpt lat="57.028436986729503" lon="-5.354205016046763">
    <ele>1003</ele>
    <time>2020-11-08T10:28:09Z</time>
    <name>Sgurr Mor1</name>
    <cmt>Sgurr Mor</cmt>
    <desc>Sgurr Mor</desc>
    <sym>Triangle, Red</sym>
    <type>user</type>
    <extensions>
      <gpxx:WaypointExtension>
        <gpxx:DisplayMode>SymbolAndName</gpxx:DisplayMode>
      </gpxx:WaypointExtension>
      <wptx1:WaypointExtension>
        <wptx1:DisplayMode>SymbolAndName</wptx1:DisplayMode>
      </wptx1:WaypointExtension>
      <ctx:CreationTimeExtension>
        <ctx:CreationTime>2020-11-08T10:28:09Z</ctx:CreationTime>
      </ctx:CreationTimeExtension>
    </extensions>
  </wpt>

  <wpt lat="57.220964021980762" lon="-6.241619987413287">
    <ele>965</ele>
    <time>2020-11-08T10:28:09Z</time>
    <name>Sgurr na Banachdich</name>
    <cmt>Sgurr na Banachdich</cmt>
    <desc>Sgurr na Banachdich</desc>
    <sym>Triangle, Red</sym>
    <type>user</type>
    <extensions>
      <gpxx:WaypointExtension>
        <gpxx:DisplayMode>SymbolAndName</gpxx:DisplayMode>
      </gpxx:WaypointExtension>
      <wptx1:WaypointExtension>
        <wptx1:DisplayMode>SymbolAndName</wptx1:DisplayMode>
      </wptx1:WaypointExtension>
      <ctx:CreationTimeExtension>
        <ctx:CreationTime>2020-11-08T10:28:09Z</ctx:CreationTime>
      </ctx:CreationTimeExtension>
    </extensions>
  </wpt>

  <wpt lat="57.189025031402707" lon="-5.349223986268044">
    <ele>1002</ele>
    <time>2020-11-08T10:28:09Z</time>
    <name>Sgurr na Carnach</name>
    <cmt>Sgurr na Carnach</cmt>
    <desc>Sgurr na Carnach</desc>
    <sym>Triangle, Red</sym>
    <type>user</type>
    <extensions>
      <gpxx:WaypointExtension>
        <gpxx:DisplayMode>SymbolAndName</gpxx:DisplayMode>
      </gpxx:WaypointExtension>
      <wptx1:WaypointExtension>
        <wptx1:DisplayMode>SymbolAndName</wptx1:DisplayMode>
      </wptx1:WaypointExtension>
      <ctx:CreationTimeExtension>
        <ctx:CreationTime>2020-11-08T10:28:09Z</ctx:CreationTime>
      </ctx:CreationTimeExtension>
    </extensions>
  </wpt>

  <wpt lat="57.013451987877488" lon="-5.456853993237019">
    <ele>1040</ele>
    <time>2020-11-08T10:28:09Z</time>
    <name>Sgurr na Ciche</name>
    <cmt>Sgurr na Ciche</cmt>
    <desc>Sgurr na Ciche</desc>
    <sym>Triangle, Red</sym>
    <type>user</type>
    <extensions>
      <gpxx:WaypointExtension>
        <gpxx:DisplayMode>SymbolAndName</gpxx:DisplayMode>
      </gpxx:WaypointExtension>
      <wptx1:WaypointExtension>
        <wptx1:DisplayMode>SymbolAndName</wptx1:DisplayMode>
      </wptx1:WaypointExtension>
      <ctx:CreationTimeExtension>
        <ctx:CreationTime>2020-11-08T10:28:09Z</ctx:CreationTime>
      </ctx:CreationTimeExtension>
    </extensions>
  </wpt>

  <wpt lat="57.180922999978065" lon="-5.337151028215885">
    <ele>1027</ele>
    <time>2020-11-08T10:28:09Z</time>
    <name>Sgurr na Ciste Duibhe</name>
    <cmt>Sgurr na Ciste Duibhe</cmt>
    <desc>Sgurr na Ciste Duibhe</desc>
    <sym>Triangle, Red</sym>
    <type>user</type>
    <extensions>
      <gpxx:WaypointExtension>
        <gpxx:DisplayMode>SymbolAndName</gpxx:DisplayMode>
      </gpxx:WaypointExtension>
      <wptx1:WaypointExtension>
        <wptx1:DisplayMode>SymbolAndName</wptx1:DisplayMode>
      </wptx1:WaypointExtension>
      <ctx:CreationTimeExtension>
        <ctx:CreationTime>2020-11-08T10:28:09Z</ctx:CreationTime>
      </ctx:CreationTimeExtension>
    </extensions>
  </wpt>

  <wpt lat="57.369319014251232" lon="-5.059742974117398">
    <ele>1151</ele>
    <time>2020-11-08T10:28:09Z</time>
    <name>Sgurr na Lapaich</name>
    <cmt>Sgurr na Lapaich</cmt>
    <desc>Sgurr na Lapaich</desc>
    <sym>Triangle, Red</sym>
    <type>user</type>
    <extensions>
      <gpxx:WaypointExtension>
        <gpxx:DisplayMode>SymbolAndName</gpxx:DisplayMode>
      </gpxx:WaypointExtension>
      <wptx1:WaypointExtension>
        <wptx1:DisplayMode>SymbolAndName</wptx1:DisplayMode>
      </wptx1:WaypointExtension>
      <ctx:CreationTimeExtension>
        <ctx:CreationTime>2020-11-08T10:28:09Z</ctx:CreationTime>
      </ctx:CreationTimeExtension>
    </extensions>
  </wpt>

  <wpt lat="57.441488038748503" lon="-4.852464040741324">
    <ele>993</ele>
    <time>2020-11-08T10:28:09Z</time>
    <name>Sgurr na Ruaidhe</name>
    <cmt>Sgurr na Ruaidhe</cmt>
    <desc>Sgurr na Ruaidhe</desc>
    <sym>Triangle, Red</sym>
    <type>user</type>
    <extensions>
      <gpxx:WaypointExtension>
        <gpxx:DisplayMode>SymbolAndName</gpxx:DisplayMode>
      </gpxx:WaypointExtension>
      <wptx1:WaypointExtension>
        <wptx1:DisplayMode>SymbolAndName</wptx1:DisplayMode>
      </wptx1:WaypointExtension>
      <ctx:CreationTimeExtension>
        <ctx:CreationTime>2020-11-08T10:28:09Z</ctx:CreationTime>
      </ctx:CreationTimeExtension>
    </extensions>
  </wpt>

  <wpt lat="57.147097997367382" lon="-5.396649967879057">
    <ele>946</ele>
    <time>2020-11-08T10:28:09Z</time>
    <name>Sgurr na Sgine</name>
    <cmt>Sgurr na Sgine</cmt>
    <desc>Sgurr na Sgine</desc>
    <sym>Triangle, Red</sym>
    <type>user</type>
    <extensions>
      <gpxx:WaypointExtension>
        <gpxx:DisplayMode>SymbolAndName</gpxx:DisplayMode>
      </gpxx:WaypointExtension>
      <wptx1:WaypointExtension>
        <wptx1:DisplayMode>SymbolAndName</wptx1:DisplayMode>
      </wptx1:WaypointExtension>
      <ctx:CreationTimeExtension>
        <ctx:CreationTime>2020-11-08T10:28:09Z</ctx:CreationTime>
      </ctx:CreationTimeExtension>
    </extensions>
  </wpt>

  <wpt lat="57.254910981282592" lon="-5.22273201495409">
    <ele>1151</ele>
    <time>2020-11-08T10:28:09Z</time>
    <name>Sgurr nan Ceathreamhnan (Sgurr nan Ceathramhnan)</name>
    <cmt>Sgurr nan Ceathreamhnan (Sgurr nan Ceathramhnan)</cmt>
    <desc>Sgurr nan Ceathreamhnan (Sgurr nan Ceathramhnan)</desc>
    <sym>Triangle, Red</sym>
    <type>user</type>
    <extensions>
      <gpxx:WaypointExtension>
        <gpxx:DisplayMode>SymbolAndName</gpxx:DisplayMode>
      </gpxx:WaypointExtension>
      <wptx1:WaypointExtension>
        <wptx1:DisplayMode>SymbolAndName</wptx1:DisplayMode>
      </wptx1:WaypointExtension>
      <ctx:CreationTimeExtension>
        <ctx:CreationTime>2020-11-08T10:28:09Z</ctx:CreationTime>
      </ctx:CreationTimeExtension>
    </extensions>
  </wpt>

  <wpt lat="57.696286998689175" lon="-5.048237973824143">
    <ele>1093</ele>
    <time>2020-11-08T10:28:09Z</time>
    <name>Sgurr nan Clach Geala</name>
    <cmt>Sgurr nan Clach Geala</cmt>
    <desc>Sgurr nan Clach Geala</desc>
    <sym>Triangle, Red</sym>
    <type>user</type>
    <extensions>
      <gpxx:WaypointExtension>
        <gpxx:DisplayMode>SymbolAndName</gpxx:DisplayMode>
      </gpxx:WaypointExtension>
      <wptx1:WaypointExtension>
        <wptx1:DisplayMode>SymbolAndName</wptx1:DisplayMode>
      </wptx1:WaypointExtension>
      <ctx:CreationTimeExtension>
        <ctx:CreationTime>2020-11-08T10:28:09Z</ctx:CreationTime>
      </ctx:CreationTimeExtension>
    </extensions>
  </wpt>

  <wpt lat="56.935728024691343" lon="-5.448550963774324">
    <ele>956</ele>
    <time>2020-11-08T10:28:09Z</time>
    <name>Sgurr nan Coireachan</name>
    <cmt>Sgurr nan Coireachan</cmt>
    <desc>Sgurr nan Coireachan</desc>
    <sym>Triangle, Red</sym>
    <type>user</type>
    <extensions>
      <gpxx:WaypointExtension>
        <gpxx:DisplayMode>SymbolAndName</gpxx:DisplayMode>
      </gpxx:WaypointExtension>
      <wptx1:WaypointExtension>
        <wptx1:DisplayMode>SymbolAndName</wptx1:DisplayMode>
      </wptx1:WaypointExtension>
      <ctx:CreationTimeExtension>
        <ctx:CreationTime>2020-11-08T10:28:09Z</ctx:CreationTime>
      </ctx:CreationTimeExtension>
    </extensions>
  </wpt>

  <wpt lat="57.007158016785979" lon="-5.405439985916019">
    <ele>953</ele>
    <time>2020-11-08T10:28:09Z</time>
    <name>Sgurr nan Coireachan1</name>
    <cmt>Sgurr nan Coireachan</cmt>
    <desc>Sgurr nan Coireachan</desc>
    <sym>Triangle, Red</sym>
    <type>user</type>
    <extensions>
      <gpxx:WaypointExtension>
        <gpxx:DisplayMode>SymbolAndName</gpxx:DisplayMode>
      </gpxx:WaypointExtension>
      <wptx1:WaypointExtension>
        <wptx1:DisplayMode>SymbolAndName</wptx1:DisplayMode>
      </wptx1:WaypointExtension>
      <ctx:CreationTimeExtension>
        <ctx:CreationTime>2020-11-08T10:28:09Z</ctx:CreationTime>
      </ctx:CreationTimeExtension>
    </extensions>
  </wpt>

  <wpt lat="57.177612986415625" lon="-5.095422975718975">
    <ele>1109</ele>
    <time>2020-11-08T10:28:09Z</time>
    <name>Sgurr nan Conbhairean</name>
    <cmt>Sgurr nan Conbhairean</cmt>
    <desc>Sgurr nan Conbhairean</desc>
    <sym>Triangle, Red</sym>
    <type>user</type>
    <extensions>
      <gpxx:WaypointExtension>
        <gpxx:DisplayMode>SymbolAndName</gpxx:DisplayMode>
      </gpxx:WaypointExtension>
      <wptx1:WaypointExtension>
        <wptx1:DisplayMode>SymbolAndName</wptx1:DisplayMode>
      </wptx1:WaypointExtension>
      <ctx:CreationTimeExtension>
        <ctx:CreationTime>2020-11-08T10:28:09Z</ctx:CreationTime>
      </ctx:CreationTimeExtension>
    </extensions>
  </wpt>

  <wpt lat="57.681024977937341" lon="-5.046367971226573">
    <ele>923</ele>
    <time>2020-11-08T10:28:09Z</time>
    <name>Sgurr nan Each</name>
    <cmt>Sgurr nan Each</cmt>
    <desc>Sgurr nan Each</desc>
    <sym>Triangle, Red</sym>
    <type>user</type>
    <extensions>
      <gpxx:WaypointExtension>
        <gpxx:DisplayMode>SymbolAndName</gpxx:DisplayMode>
      </gpxx:WaypointExtension>
      <wptx1:WaypointExtension>
        <wptx1:DisplayMode>SymbolAndName</wptx1:DisplayMode>
      </wptx1:WaypointExtension>
      <ctx:CreationTimeExtension>
        <ctx:CreationTime>2020-11-08T10:28:09Z</ctx:CreationTime>
      </ctx:CreationTimeExtension>
    </extensions>
  </wpt>

  <wpt lat="57.195810014382005" lon="-6.211264003068209">
    <ele>926.20000000000005</ele>
    <time>2020-11-08T10:28:09Z</time>
    <name>Sgurr nan Eag</name>
    <cmt>Sgurr nan Eag</cmt>
    <desc>Sgurr nan Eag</desc>
    <sym>Triangle, Red</sym>
    <type>user</type>
    <extensions>
      <gpxx:WaypointExtension>
        <gpxx:DisplayMode>SymbolAndName</gpxx:DisplayMode>
      </gpxx:WaypointExtension>
      <wptx1:WaypointExtension>
        <wptx1:DisplayMode>SymbolAndName</wptx1:DisplayMode>
      </wptx1:WaypointExtension>
      <ctx:CreationTimeExtension>
        <ctx:CreationTime>2020-11-08T10:28:09Z</ctx:CreationTime>
      </ctx:CreationTimeExtension>
    </extensions>
  </wpt>

  <wpt lat="57.248262036591768" lon="-6.193097988143563">
    <ele>964</ele>
    <time>2020-11-08T10:28:09Z</time>
    <name>Sgurr nan Gillean</name>
    <cmt>Sgurr nan Gillean</cmt>
    <desc>Sgurr nan Gillean</desc>
    <sym>Triangle, Red</sym>
    <type>user</type>
    <extensions>
      <gpxx:WaypointExtension>
        <gpxx:DisplayMode>SymbolAndName</gpxx:DisplayMode>
      </gpxx:WaypointExtension>
      <wptx1:WaypointExtension>
        <wptx1:DisplayMode>SymbolAndName</wptx1:DisplayMode>
      </wptx1:WaypointExtension>
      <ctx:CreationTimeExtension>
        <ctx:CreationTime>2020-11-08T10:28:09Z</ctx:CreationTime>
      </ctx:CreationTimeExtension>
    </extensions>
  </wpt>

  <wpt lat="56.93705596961081" lon="-5.389207005500794">
    <ele>963</ele>
    <time>2020-11-08T10:28:09Z</time>
    <name>Sgurr Thuilm</name>
    <cmt>Sgurr Thuilm</cmt>
    <desc>Sgurr Thuilm</desc>
    <sym>Triangle, Red</sym>
    <type>user</type>
    <extensions>
      <gpxx:WaypointExtension>
        <gpxx:DisplayMode>SymbolAndName</gpxx:DisplayMode>
      </gpxx:WaypointExtension>
      <wptx1:WaypointExtension>
        <wptx1:DisplayMode>SymbolAndName</wptx1:DisplayMode>
      </wptx1:WaypointExtension>
      <ctx:CreationTimeExtension>
        <ctx:CreationTime>2020-11-08T10:28:09Z</ctx:CreationTime>
      </ctx:CreationTimeExtension>
    </extensions>
  </wpt>

  <wpt lat="57.667175978422165" lon="-5.347030023112893">
    <ele>981</ele>
    <time>2020-11-08T10:28:09Z</time>
    <name>Slioch</name>
    <cmt>Slioch</cmt>
    <desc>Slioch</desc>
    <sym>Triangle, Red</sym>
    <type>user</type>
    <extensions>
      <gpxx:WaypointExtension>
        <gpxx:DisplayMode>SymbolAndName</gpxx:DisplayMode>
      </gpxx:WaypointExtension>
      <wptx1:WaypointExtension>
        <wptx1:DisplayMode>SymbolAndName</wptx1:DisplayMode>
      </wptx1:WaypointExtension>
      <ctx:CreationTimeExtension>
        <ctx:CreationTime>2020-11-08T10:28:09Z</ctx:CreationTime>
      </ctx:CreationTimeExtension>
    </extensions>
  </wpt>

  <wpt lat="57.088973019272089" lon="-5.193630969151855">
    <ele>996</ele>
    <time>2020-11-08T10:28:09Z</time>
    <name>Spidean Mialach</name>
    <cmt>Spidean Mialach</cmt>
    <desc>Spidean Mialach</desc>
    <sym>Triangle, Red</sym>
    <type>user</type>
    <extensions>
      <gpxx:WaypointExtension>
        <gpxx:DisplayMode>SymbolAndName</gpxx:DisplayMode>
      </gpxx:WaypointExtension>
      <wptx1:WaypointExtension>
        <wptx1:DisplayMode>SymbolAndName</wptx1:DisplayMode>
      </wptx1:WaypointExtension>
      <ctx:CreationTimeExtension>
        <ctx:CreationTime>2020-11-08T10:28:09Z</ctx:CreationTime>
      </ctx:CreationTimeExtension>
    </extensions>
  </wpt>

  <wpt lat="57.007838962599635" lon="-4.928762996569276">
    <ele>937</ele>
    <time>2020-11-08T10:28:09Z</time>
    <name>Sron a'Choire Ghairbh</name>
    <cmt>Sron a'Choire Ghairbh</cmt>
    <desc>Sron a'Choire Ghairbh</desc>
    <sym>Triangle, Red</sym>
    <type>user</type>
    <extensions>
      <gpxx:WaypointExtension>
        <gpxx:DisplayMode>SymbolAndName</gpxx:DisplayMode>
      </gpxx:WaypointExtension>
      <wptx1:WaypointExtension>
        <wptx1:DisplayMode>SymbolAndName</wptx1:DisplayMode>
      </wptx1:WaypointExtension>
      <ctx:CreationTimeExtension>
        <ctx:CreationTime>2020-11-08T10:28:09Z</ctx:CreationTime>
      </ctx:CreationTimeExtension>
    </extensions>
  </wpt>

  <wpt lat="56.823684023693204" lon="-4.76019898429513">
    <ele>1105</ele>
    <time>2020-11-08T10:28:09Z</time>
    <name>Stob a'Choire Mheadhoin</name>
    <cmt>Stob a'Choire Mheadhoin</cmt>
    <desc>Stob a'Choire Mheadhoin</desc>
    <sym>Triangle, Red</sym>
    <type>user</type>
    <extensions>
      <gpxx:WaypointExtension>
        <gpxx:DisplayMode>SymbolAndName</gpxx:DisplayMode>
      </gpxx:WaypointExtension>
      <wptx1:WaypointExtension>
        <wptx1:DisplayMode>SymbolAndName</wptx1:DisplayMode>
      </wptx1:WaypointExtension>
      <ctx:CreationTimeExtension>
        <ctx:CreationTime>2020-11-08T10:28:09Z</ctx:CreationTime>
      </ctx:CreationTimeExtension>
    </extensions>
  </wpt>

  <wpt lat="56.57330802641809" lon="-4.838301977142692">
    <ele>945</ele>
    <time>2020-11-08T10:28:09Z</time>
    <name>Stob a'Choire Odhair</name>
    <cmt>Stob a'Choire Odhair</cmt>
    <desc>Stob a'Choire Odhair</desc>
    <sym>Triangle, Red</sym>
    <type>user</type>
    <extensions>
      <gpxx:WaypointExtension>
        <gpxx:DisplayMode>SymbolAndName</gpxx:DisplayMode>
      </gpxx:WaypointExtension>
      <wptx1:WaypointExtension>
        <wptx1:DisplayMode>SymbolAndName</wptx1:DisplayMode>
      </wptx1:WaypointExtension>
      <ctx:CreationTimeExtension>
        <ctx:CreationTime>2020-11-08T10:28:09Z</ctx:CreationTime>
      </ctx:CreationTimeExtension>
    </extensions>
  </wpt>

  <wpt lat="56.743697030469775" lon="-5.030343029648066">
    <ele>999</ele>
    <time>2020-11-08T10:28:09Z</time>
    <name>Stob Ban</name>
    <cmt>Stob Ban</cmt>
    <desc>Stob Ban</desc>
    <sym>Triangle, Red</sym>
    <type>user</type>
    <extensions>
      <gpxx:WaypointExtension>
        <gpxx:DisplayMode>SymbolAndName</gpxx:DisplayMode>
      </gpxx:WaypointExtension>
      <wptx1:WaypointExtension>
        <wptx1:DisplayMode>SymbolAndName</wptx1:DisplayMode>
      </wptx1:WaypointExtension>
      <ctx:CreationTimeExtension>
        <ctx:CreationTime>2020-11-08T10:28:09Z</ctx:CreationTime>
      </ctx:CreationTimeExtension>
    </extensions>
  </wpt>

  <wpt lat="56.810646979138255" lon="-4.84087597578764">
    <ele>977</ele>
    <time>2020-11-08T10:28:09Z</time>
    <name>Stob Ban1</name>
    <cmt>Stob Ban</cmt>
    <desc>Stob Ban</desc>
    <sym>Triangle, Red</sym>
    <type>user</type>
    <extensions>
      <gpxx:WaypointExtension>
        <gpxx:DisplayMode>SymbolAndName</gpxx:DisplayMode>
      </gpxx:WaypointExtension>
      <wptx1:WaypointExtension>
        <wptx1:DisplayMode>SymbolAndName</wptx1:DisplayMode>
      </wptx1:WaypointExtension>
      <ctx:CreationTimeExtension>
        <ctx:CreationTime>2020-11-08T10:28:09Z</ctx:CreationTime>
      </ctx:CreationTimeExtension>
    </extensions>
  </wpt>

  <wpt lat="56.37072597630322" lon="-4.535752991214395">
    <ele>1165</ele>
    <time>2020-11-08T10:28:09Z</time>
    <name>Stob Binnein</name>
    <cmt>Stob Binnein</cmt>
    <desc>Stob Binnein</desc>
    <sym>Triangle, Red</sym>
    <type>user</type>
    <extensions>
      <gpxx:WaypointExtension>
        <gpxx:DisplayMode>SymbolAndName</gpxx:DisplayMode>
      </gpxx:WaypointExtension>
      <wptx1:WaypointExtension>
        <wptx1:DisplayMode>SymbolAndName</wptx1:DisplayMode>
      </wptx1:WaypointExtension>
      <ctx:CreationTimeExtension>
        <ctx:CreationTime>2020-11-08T10:28:09Z</ctx:CreationTime>
      </ctx:CreationTimeExtension>
    </extensions>
  </wpt>

  <wpt lat="56.823786031454802" lon="-4.849624000489712">
    <ele>1177</ele>
    <time>2020-11-08T10:28:09Z</time>
    <name>Stob Choire Claurigh</name>
    <cmt>Stob Choire Claurigh</cmt>
    <desc>Stob Choire Claurigh</desc>
    <sym>Triangle, Red</sym>
    <type>user</type>
    <extensions>
      <gpxx:WaypointExtension>
        <gpxx:DisplayMode>SymbolAndName</gpxx:DisplayMode>
      </gpxx:WaypointExtension>
      <wptx1:WaypointExtension>
        <wptx1:DisplayMode>SymbolAndName</wptx1:DisplayMode>
      </wptx1:WaypointExtension>
      <ctx:CreationTimeExtension>
        <ctx:CreationTime>2020-11-08T10:28:09Z</ctx:CreationTime>
      </ctx:CreationTimeExtension>
    </extensions>
  </wpt>

  <wpt lat="56.554920980706811" lon="-4.979809960350394">
    <ele>1044</ele>
    <time>2020-11-08T10:28:09Z</time>
    <name>Stob Coir' an Albannaich</name>
    <cmt>Stob Coir' an Albannaich</cmt>
    <desc>Stob Coir' an Albannaich</desc>
    <sym>Triangle, Red</sym>
    <type>user</type>
    <extensions>
      <gpxx:WaypointExtension>
        <gpxx:DisplayMode>SymbolAndName</gpxx:DisplayMode>
      </gpxx:WaypointExtension>
      <wptx1:WaypointExtension>
        <wptx1:DisplayMode>SymbolAndName</wptx1:DisplayMode>
      </wptx1:WaypointExtension>
      <ctx:CreationTimeExtension>
        <ctx:CreationTime>2020-11-08T10:28:09Z</ctx:CreationTime>
      </ctx:CreationTimeExtension>
    </extensions>
  </wpt>

  <wpt lat="56.750744031742215" lon="-4.969024965539575">
    <ele>981.39999999999998</ele>
    <time>2020-11-08T10:28:09Z</time>
    <name>Stob Coire a'Chairn</name>
    <cmt>Stob Coire a'Chairn</cmt>
    <desc>Stob Coire a'Chairn</desc>
    <sym>Triangle, Red</sym>
    <type>user</type>
    <extensions>
      <gpxx:WaypointExtension>
        <gpxx:DisplayMode>SymbolAndName</gpxx:DisplayMode>
      </gpxx:WaypointExtension>
      <wptx1:WaypointExtension>
        <wptx1:DisplayMode>SymbolAndName</wptx1:DisplayMode>
      </wptx1:WaypointExtension>
      <ctx:CreationTimeExtension>
        <ctx:CreationTime>2020-11-08T10:28:09Z</ctx:CreationTime>
      </ctx:CreationTimeExtension>
    </extensions>
  </wpt>

  <wpt lat="56.810876978561282" lon="-4.884891025722027">
    <ele>1116</ele>
    <time>2020-11-08T10:28:09Z</time>
    <name>Stob Coire an Laoigh</name>
    <cmt>Stob Coire an Laoigh</cmt>
    <desc>Stob Coire an Laoigh</desc>
    <sym>Triangle, Red</sym>
    <type>user</type>
    <extensions>
      <gpxx:WaypointExtension>
        <gpxx:DisplayMode>SymbolAndName</gpxx:DisplayMode>
      </gpxx:WaypointExtension>
      <wptx1:WaypointExtension>
        <wptx1:DisplayMode>SymbolAndName</wptx1:DisplayMode>
      </wptx1:WaypointExtension>
      <ctx:CreationTimeExtension>
        <ctx:CreationTime>2020-11-08T10:28:09Z</ctx:CreationTime>
      </ctx:CreationTimeExtension>
    </extensions>
  </wpt>

  <wpt lat="56.818180968984962" lon="-4.773709019646049">
    <ele>1115</ele>
    <time>2020-11-08T10:28:09Z</time>
    <name>Stob Coire Easain</name>
    <cmt>Stob Coire Easain</cmt>
    <desc>Stob Coire Easain</desc>
    <sym>Triangle, Red</sym>
    <type>user</type>
    <extensions>
      <gpxx:WaypointExtension>
        <gpxx:DisplayMode>SymbolAndName</gpxx:DisplayMode>
      </gpxx:WaypointExtension>
      <wptx1:WaypointExtension>
        <wptx1:DisplayMode>SymbolAndName</wptx1:DisplayMode>
      </wptx1:WaypointExtension>
      <ctx:CreationTimeExtension>
        <ctx:CreationTime>2020-11-08T10:28:09Z</ctx:CreationTime>
      </ctx:CreationTimeExtension>
    </extensions>
  </wpt>

  <wpt lat="56.638322006911039" lon="-5.010284967720509">
    <ele>1072</ele>
    <time>2020-11-08T10:28:09Z</time>
    <name>Stob Coire Sgreamhach</name>
    <cmt>Stob Coire Sgreamhach</cmt>
    <desc>Stob Coire Sgreamhach</desc>
    <sym>Triangle, Red</sym>
    <type>user</type>
    <extensions>
      <gpxx:WaypointExtension>
        <gpxx:DisplayMode>SymbolAndName</gpxx:DisplayMode>
      </gpxx:WaypointExtension>
      <wptx1:WaypointExtension>
        <wptx1:DisplayMode>SymbolAndName</wptx1:DisplayMode>
      </wptx1:WaypointExtension>
      <ctx:CreationTimeExtension>
        <ctx:CreationTime>2020-11-08T10:28:09Z</ctx:CreationTime>
      </ctx:CreationTimeExtension>
    </extensions>
  </wpt>

  <wpt lat="56.831736015155911" lon="-4.694917034357786">
    <ele>979</ele>
    <time>2020-11-08T10:28:09Z</time>
    <name>Stob Coire Sgriodain</name>
    <cmt>Stob Coire Sgriodain</cmt>
    <desc>Stob Coire Sgriodain</desc>
    <sym>Triangle, Red</sym>
    <type>user</type>
    <extensions>
      <gpxx:WaypointExtension>
        <gpxx:DisplayMode>SymbolAndName</gpxx:DisplayMode>
      </gpxx:WaypointExtension>
      <wptx1:WaypointExtension>
        <wptx1:DisplayMode>SymbolAndName</wptx1:DisplayMode>
      </wptx1:WaypointExtension>
      <ctx:CreationTimeExtension>
        <ctx:CreationTime>2020-11-08T10:28:09Z</ctx:CreationTime>
      </ctx:CreationTimeExtension>
    </extensions>
  </wpt>

  <wpt lat="56.4312709774822" lon="-5.091378958895803">
    <ele>998</ele>
    <time>2020-11-08T10:28:09Z</time>
    <name>Stob Daimh (Stob Diamh)</name>
    <cmt>Stob Daimh (Stob Diamh)</cmt>
    <desc>Stob Daimh (Stob Diamh)</desc>
    <sym>Triangle, Red</sym>
    <type>user</type>
    <extensions>
      <gpxx:WaypointExtension>
        <gpxx:DisplayMode>SymbolAndName</gpxx:DisplayMode>
      </gpxx:WaypointExtension>
      <wptx1:WaypointExtension>
        <wptx1:DisplayMode>SymbolAndName</wptx1:DisplayMode>
      </wptx1:WaypointExtension>
      <ctx:CreationTimeExtension>
        <ctx:CreationTime>2020-11-08T10:28:09Z</ctx:CreationTime>
      </ctx:CreationTimeExtension>
    </extensions>
  </wpt>

  <wpt lat="56.568102026358247" lon="-4.882115023210645">
    <ele>1090</ele>
    <time>2020-11-08T10:28:09Z</time>
    <name>Stob Ghabhar</name>
    <cmt>Stob Ghabhar</cmt>
    <desc>Stob Ghabhar</desc>
    <sym>Triangle, Red</sym>
    <type>user</type>
    <extensions>
      <gpxx:WaypointExtension>
        <gpxx:DisplayMode>SymbolAndName</gpxx:DisplayMode>
      </gpxx:WaypointExtension>
      <wptx1:WaypointExtension>
        <wptx1:DisplayMode>SymbolAndName</wptx1:DisplayMode>
      </wptx1:WaypointExtension>
      <ctx:CreationTimeExtension>
        <ctx:CreationTime>2020-11-08T10:28:09Z</ctx:CreationTime>
      </ctx:CreationTimeExtension>
    </extensions>
  </wpt>

  <wpt lat="56.964063970372081" lon="-4.585764035582542">
    <ele>1054</ele>
    <time>2020-11-08T10:28:09Z</time>
    <name>Stob Poite Coire Ardair</name>
    <cmt>Stob Poite Coire Ardair</cmt>
    <desc>Stob Poite Coire Ardair</desc>
    <sym>Triangle, Red</sym>
    <type>user</type>
    <extensions>
      <gpxx:WaypointExtension>
        <gpxx:DisplayMode>SymbolAndName</gpxx:DisplayMode>
      </gpxx:WaypointExtension>
      <wptx1:WaypointExtension>
        <wptx1:DisplayMode>SymbolAndName</wptx1:DisplayMode>
      </wptx1:WaypointExtension>
      <ctx:CreationTimeExtension>
        <ctx:CreationTime>2020-11-08T10:28:09Z</ctx:CreationTime>
      </ctx:CreationTimeExtension>
    </extensions>
  </wpt>

  <wpt lat="56.329315016046166" lon="-4.237533006817102">
    <ele>975</ele>
    <time>2020-11-08T10:28:09Z</time>
    <name>Stuc a'Chroin</name>
    <cmt>Stuc a'Chroin</cmt>
    <desc>Stuc a'Chroin</desc>
    <sym>Triangle, Red</sym>
    <type>user</type>
    <extensions>
      <gpxx:WaypointExtension>
        <gpxx:DisplayMode>SymbolAndName</gpxx:DisplayMode>
      </gpxx:WaypointExtension>
      <wptx1:WaypointExtension>
        <wptx1:DisplayMode>SymbolAndName</wptx1:DisplayMode>
      </wptx1:WaypointExtension>
      <ctx:CreationTimeExtension>
        <ctx:CreationTime>2020-11-08T10:28:09Z</ctx:CreationTime>
      </ctx:CreationTimeExtension>
    </extensions>
  </wpt>

  <wpt lat="56.570907030254602" lon="-4.470618981868029">
    <ele>960</ele>
    <time>2020-11-08T10:28:09Z</time>
    <name>Stuchd an Lochain (Stuc an Lochain)</name>
    <cmt>Stuchd an Lochain (Stuc an Lochain)</cmt>
    <desc>Stuchd an Lochain (Stuc an Lochain)</desc>
    <sym>Triangle, Red</sym>
    <type>user</type>
    <extensions>
      <gpxx:WaypointExtension>
        <gpxx:DisplayMode>SymbolAndName</gpxx:DisplayMode>
      </gpxx:WaypointExtension>
      <wptx1:WaypointExtension>
        <wptx1:DisplayMode>SymbolAndName</wptx1:DisplayMode>
      </wptx1:WaypointExtension>
      <ctx:CreationTimeExtension>
        <ctx:CreationTime>2020-11-08T10:28:09Z</ctx:CreationTime>
      </ctx:CreationTimeExtension>
    </extensions>
  </wpt>

  <wpt lat="56.879491992294788" lon="-3.421279974281788">
    <ele>933</ele>
    <time>2020-11-08T10:28:09Z</time>
    <name>The Cairnwell</name>
    <cmt>The Cairnwell</cmt>
    <desc>The Cairnwell</desc>
    <sym>Triangle, Red</sym>
    <type>user</type>
    <extensions>
      <gpxx:WaypointExtension>
        <gpxx:DisplayMode>SymbolAndName</gpxx:DisplayMode>
      </gpxx:WaypointExtension>
      <wptx1:WaypointExtension>
        <wptx1:DisplayMode>SymbolAndName</wptx1:DisplayMode>
      </wptx1:WaypointExtension>
      <ctx:CreationTimeExtension>
        <ctx:CreationTime>2020-11-08T10:28:09Z</ctx:CreationTime>
      </ctx:CreationTimeExtension>
    </extensions>
  </wpt>

  <wpt lat="57.035727985203266" lon="-3.688787994906306">
    <ele>1004</ele>
    <time>2020-11-08T10:28:09Z</time>
    <name>The Devil's Point</name>
    <cmt>The Devil's Point</cmt>
    <desc>The Devil's Point</desc>
    <sym>Triangle, Red</sym>
    <type>user</type>
    <extensions>
      <gpxx:WaypointExtension>
        <gpxx:DisplayMode>SymbolAndName</gpxx:DisplayMode>
      </gpxx:WaypointExtension>
      <wptx1:WaypointExtension>
        <wptx1:DisplayMode>SymbolAndName</wptx1:DisplayMode>
      </wptx1:WaypointExtension>
      <ctx:CreationTimeExtension>
        <ctx:CreationTime>2020-11-08T10:28:09Z</ctx:CreationTime>
      </ctx:CreationTimeExtension>
    </extensions>
  </wpt>

  <wpt lat="57.162394970655441" lon="-5.414721015840769">
    <ele>1011.4</ele>
    <time>2020-11-08T10:28:09Z</time>
    <name>The Saddle</name>
    <cmt>The Saddle</cmt>
    <desc>The Saddle</desc>
    <sym>Triangle, Red</sym>
    <type>user</type>
    <extensions>
      <gpxx:WaypointExtension>
        <gpxx:DisplayMode>SymbolAndName</gpxx:DisplayMode>
      </gpxx:WaypointExtension>
      <wptx1:WaypointExtension>
        <wptx1:DisplayMode>SymbolAndName</wptx1:DisplayMode>
      </wptx1:WaypointExtension>
      <ctx:CreationTimeExtension>
        <ctx:CreationTime>2020-11-08T10:28:09Z</ctx:CreationTime>
      </ctx:CreationTimeExtension>
    </extensions>
  </wpt>

  <wpt lat="57.309226971119642" lon="-4.999953014776111">
    <ele>1054</ele>
    <time>2020-11-08T10:28:09Z</time>
    <name>Toll Creagach</name>
    <cmt>Toll Creagach</cmt>
    <desc>Toll Creagach</desc>
    <sym>Triangle, Red</sym>
    <type>user</type>
    <extensions>
      <gpxx:WaypointExtension>
        <gpxx:DisplayMode>SymbolAndName</gpxx:DisplayMode>
      </gpxx:WaypointExtension>
      <wptx1:WaypointExtension>
        <wptx1:DisplayMode>SymbolAndName</wptx1:DisplayMode>
      </wptx1:WaypointExtension>
      <ctx:CreationTimeExtension>
        <ctx:CreationTime>2020-11-08T10:28:09Z</ctx:CreationTime>
      </ctx:CreationTimeExtension>
    </extensions>
  </wpt>

  <wpt lat="56.904733004048467" lon="-3.297945968806744">
    <ele>958</ele>
    <time>2020-11-08T10:28:09Z</time>
    <name>Tolmount</name>
    <cmt>Tolmount</cmt>
    <desc>Tolmount</desc>
    <sym>Triangle, Red</sym>
    <type>user</type>
    <extensions>
      <gpxx:WaypointExtension>
        <gpxx:DisplayMode>SymbolAndName</gpxx:DisplayMode>
      </gpxx:WaypointExtension>
      <wptx1:WaypointExtension>
        <wptx1:DisplayMode>SymbolAndName</wptx1:DisplayMode>
      </wptx1:WaypointExtension>
      <ctx:CreationTimeExtension>
        <ctx:CreationTime>2020-11-08T10:28:09Z</ctx:CreationTime>
      </ctx:CreationTimeExtension>
    </extensions>
  </wpt>

  <wpt lat="57.299554003402591" lon="-5.048944987356663">
    <ele>1112</ele>
    <time>2020-11-08T10:28:09Z</time>
    <name>Tom a'Choinich</name>
    <cmt>Tom a'Choinich</cmt>
    <desc>Tom a'Choinich</desc>
    <sym>Triangle, Red</sym>
    <type>user</type>
    <extensions>
      <gpxx:WaypointExtension>
        <gpxx:DisplayMode>SymbolAndName</gpxx:DisplayMode>
      </gpxx:WaypointExtension>
      <wptx1:WaypointExtension>
        <wptx1:DisplayMode>SymbolAndName</wptx1:DisplayMode>
      </wptx1:WaypointExtension>
      <ctx:CreationTimeExtension>
        <ctx:CreationTime>2020-11-08T10:28:09Z</ctx:CreationTime>
      </ctx:CreationTimeExtension>
    </extensions>
  </wpt>

  <wpt lat="56.893614996224642" lon="-3.292355993762612">
    <ele>957</ele>
    <time>2020-11-08T10:28:09Z</time>
    <name>Tom Buidhe</name>
    <cmt>Tom Buidhe</cmt>
    <desc>Tom Buidhe</desc>
    <sym>Triangle, Red</sym>
    <type>user</type>
    <extensions>
      <gpxx:WaypointExtension>
        <gpxx:DisplayMode>SymbolAndName</gpxx:DisplayMode>
      </gpxx:WaypointExtension>
      <wptx1:WaypointExtension>
        <wptx1:DisplayMode>SymbolAndName</wptx1:DisplayMode>
      </wptx1:WaypointExtension>
      <ctx:CreationTimeExtension>
        <ctx:CreationTime>2020-11-08T10:28:09Z</ctx:CreationTime>
      </ctx:CreationTimeExtension>
    </extensions>
  </wpt>

</gpx>
